question,references,corpus_id
為什麼內聚力對軟體設計很重要？,"[{""content"": ""\u70ba\u4ec0\u9ebc\u5167\u805a\u529b\u91cd\u8981\uff1f\u56e0\u70ba\u6211\u5011\u90fd\u5e0c\u671b\u8edf\u9ad4\u80fd\u5920\u5bb9\u6613\u88ab\u4fee\u6539\uff0c\u4e00\u65e6\u9700\u8981\u4fee\u6539\uff0c\u6211\u5011\u5e0c\u671b\u80fd\u5920\u8df3\u5230\u7a0b\u5f0f\u4e2d\u7684\u67d0\u4e00\u6bb5\uff0c\u7136\u5f8c\u53ea\u8981\u5728\u90a3\u88e1\u6539\u597d\u5c31\u53ef\u4ee5\u4e86\u3002"", ""start_index"": 12305, ""end_index"": 12368}, {""content"": ""\u4e00\u500b\u5167\u805a\u529b\u4e0d\u5920\u7684\u8edf\u9ad4\uff0c\u7576\u4f60\u8981\u4fee\u6539\u7a0b\u5f0f\u7684\u6642\u5019\u5c31\u5f97\u591a\u7ffb\u5f88\u591a\u5730\u65b9\uff0c\u6bcf\u9047\u5230\u67d0\u7a2e\u8b8a\u5316\uff0c\u800c\u8981\u4fee\u6539\u7684\u7a0b\u5f0f\u78bc\u6563\u4f48\u56db\u8655\uff0c\u4e0d\u4f46\u96e3\u4ee5\u627e\u5230\uff0c\u4e5f\u5f88\u5bb9\u6613\u5fd8\u8a18(\u5728\u91cd\u69cb\u4e00\u66f8\u7684\uff0c\u6307\u9019\u7a2e\u58de\u5473\u9053\u53eb\u505a\u6563\u5f48\u5f0f\u4fee\u6539)\u3002"", ""start_index"": 12368, ""end_index"": 12455}, {""content"": ""\u53e6\u4e00\u500b\u4f4e\u5167\u805a\u529b\u7684\u5f8c\u679c\u662f\u767c\u6563\u5f0f\u8b8a\u5316\uff1a\u6bd4\u5982\u8aaa\u4e00\u500b\u985e\u5225\u88e1\u9762\u6709\u4e94\u500b\u529f\u80fd\u5168\u7570\u7684\u51fd\u5f0f\uff0c\u90a3\u9ebc\u7576\u9019\u4e94\u500b\u51fd\u5f0f\u4efb\u4e00\u500b\u767c\u751f\u9700\u6c42\u6642\uff0c\u6211\u5011\u5c31\u5fc5\u9808\u8981\u53bb\u4fee\u6539\u9019\u500b\u985e\u5225\uff0c\u800c\u4e00\u500b\u983b\u65bc\u4fee\u6539\u7684\u4e0d\u7a69\u5b9a\u985e\u5225\u6703\u9020\u6210\u7dad\u8b77\u4e0a\u7684\u4e0d\u6613\u3002"", ""start_index"": 12457, ""end_index"": 12548}]",data/agile.txt
為什麼要在不同平台自動化測試？,"[{""content"": ""\u5728\u6211\u9019\u53f0\u6c92\u554f\u984c\u554a\uff0c\u70ba\u4ec0\u9ebc\u63db\u4e00\u53f0\u96fb\u8166\u5c31\u4e0d\u5c0d\u4e86? \u53ea\u8981\u63db\u4e00\u500b\u5e73\u53f0(\u5373\u4f7f\u662f\u4e0d\u540c\u7248\u672c\u7684\u4f5c\u696d\u7cfb\u7d71)\uff0c\u4e0d\u540c\u5c31\u662f\u4e0d\u540c\uff0c\u800c\u592a\u665a\u767c\u73fe\u9019\u6a23\u7684\u554f\u984c\u8981\u4fee\u7406\u662f\u975e\u5e38\u9ebb\u7169\u7684\uff0c\u5c24\u5176\u662f\u6b63\u8981 release \u7684\u6642\u5019\u624d\u767c\u73fe\u5b83\u6c92\u8fa6\u6cd5\u5728\u67d0\u67d0\u4f60\u60f3\u8981\u7684\u5e73\u53f0\u4e0a\u57f7\u884c\u3002"", ""start_index"": 8448, ""end_index"": 8557}, {""content"": ""\u6211\u5011\u7576\u7136\u53ef\u4ee5\u8981\u6c42 QA team \u8981\u5728\u4e0d\u540c\u5e73\u53f0\u4e0a\u6e2c\u8a66\uff0c\u4f46\u662f\u5982\u679c\u4ed6\u5011\u53ea\u662f\u624b\u52d5\u6e2c\u8a66\uff0c\u5c31\u4e0d\u5982\u81ea\u52d5\u6e2c\u8a66\u4f86\u7684\u53ca\u65e9\u767c\u73fe\u3002\u6211\u5011\u5df2\u7d93\u6703\u5728 commit \u7a0b\u5f0f\u524d\u5728\u81ea\u5df1\u96fb\u8166\u4e0a\u57f7\u884c\u4e00\u6b21 unit testing\uff0c\u73fe\u5728\u8981\u505a\u7684\u4e8b\u60c5\u662f\u8981\u5728\u4f60\u6240\u8981\u652f\u63f4\u7684\u4e0d\u540c\u5e73\u53f0\u3001\u4e0d\u540c\u7248\u672c\u4e0a\u518d\u6e2c\u8a66\u4e00\u6b21\u3002\u4e0d\u904e\u597d\u7d2f\u554a\uff0c\u9019\u6642\u5019\u5c31\u5fc5\u9808\u9760 continuous integration \u5de5\u5177\u4f86\u5e6b\u5fd9\uff0c\u6bcf\u7576\u6709\u4eba commit \u6642\uff0c\u9019\u500b\u5de5\u5177\u5c31\u6703\u81ea\u52d5 checkout \u51fa\u4f86\u57f7\u884c\u6e2c\u8a66\uff0c\u6211\u5011\u5206\u5225\u5728\u4e0d\u540c\u5e73\u53f0(\u4f8b\u5982\u53ef\u4ee5\u4f7f\u7528 VMware \u6216 Virtual PC)\u4e0a\u8a2d\u5b9a\u597d\u9019\u500b\u5de5\u5177\u4f86\u505a\u81ea\u52d5\u5316\u6e2c\u8a66\u3002"", ""start_index"": 8559, ""end_index"": 8821}]",data/agile.txt
如何避免違反 Liskov's Substitution Principle (LSP)?,"[{""content"": ""\u9055\u53cd LSP \u7684\u7684\u5f8c\u679c\u4e0d\u96e3\u60f3\u50cf\uff1a\u5047\u8a2d\u6709\u500b\u57fa\u790e\u578b\u5225 Base \u8ddf\u4ed6\u7684\u884d\u751f\u578b\u5225 Derived\uff0c\u800c\u6709\u500b\u51fd\u5f0f f \u53ef\u4ee5\u63a5\u53d7 Base \u985e\u5225\u7684\u7269\u4ef6\u7576\u4f5c\u53c3\u6578\uff0c\u63a5\u8457\u6211\u5011\u628a Derived \u8f49\u578b\u6210\u70ba Base \u4e4b\u5f8c\u4e1f\u9032 f \u88e1\u9762\uff0c\u5982\u679c\u6703\u7206\u70b8\u5c31\u8868\u793a Derived \u9055\u53cd LSP \u4e86\u3002\u9019\u6642\u5019 f \u7684\u4f5c\u8005\u70ba\u4e86\u4e0d\u8981\u7206\u70b8\uff0c\u6240\u4ee5\u53ea\u597d\u591a\u5beb\u578b\u5225\u5224\u65b7\u662f\u4e0d\u662f Dervied\uff0c\u65bc\u662f\u7a0b\u5f0f\u5c31\u8b8a\u9ad2\u4e86\u3002"", ""start_index"": 13692, ""end_index"": 13873}, {""content"": ""\u9055\u53cd LSP \u539f\u5247\uff0c\u4f60\u7684\u7e7c\u627f\u9ad4\u7cfb\u5373\u4f7f\u4ecd\u6709\u91cd\u7528\u6027\uff0c\u4f46\u537b\u958b\u59cb\u5931\u53bb\u64f4\u5145\u6027\uff0c\u56e0\u70ba\u985e\u5225\u7684\u7528\u6236\u5fc5\u9808\u77e5\u9053\u78ba\u5207\u7684\u578b\u5225\u624d\u80fd\u505a\u64cd\u4f5c\uff0c\u7576\u8981\u52a0\u5165\u65b0\u985e\u5225\u6642\u5c31\u8981\u5728\u7e7c\u627f\u9ad4\u7cfb\u4e2d\u4f86\u56de\u6aa2\u67e5\u3002"", ""start_index"": 13875, ""end_index"": 13952}, {""content"": ""\u53e6\u4e00\u7a2e\u9055\u53cd\u7684\u5f62\u5f0f\u662f\u884d\u751f\u985e\u5225\u6703\u4e1f\u51fa\u57fa\u790e\u985e\u5225\u4e0d\u6703\u4e1f\u51fa\u7684\u4f8b\u5916(exception)\uff0c\u9019\u6642\u5982\u679c\u57fa\u672c\u985e\u5225\u7684\u7528\u6236\u6c92\u6709\u9810\u671f\u5230\u9019\u7a2e\u60c5\u6cc1\uff0c\u90a3\u9ebc\u5728\u884d\u751f\u985e\u5225\u4e2d\u52a0\u5165\u9019\u4e9b\u4f8b\u5916\u5c31\u6703\u8b8a\u6210\u4e0d\u53ef\u66ff\u63db\u3002"", ""start_index"": 13954, ""end_index"": 14037}]",data/agile.txt
如何利用程式測試來獲得回饋？,"[{""content"": ""\u900f\u904e\u7a0b\u5f0f\u6e2c\u8a66\u5f97\u77e5\u76ee\u524d\u958b\u767c\u7684\u60c5\u5f62(Coding Feedback!)\u3002"", ""start_index"": 7638, ""end_index"": 7672}, {""content"": ""Code \u4e00\u76f4\u5728\u8b8a\uff0c\u6211\u5011\u9700\u8981\u4e00\u7a2e\u6301\u7e8c\u53c8\u5feb\u901f\u7684 feedback \u544a\u8a34\u6211\u5011\u9019\u4e9b\u7a0b\u5f0f\u78bc\u5efa\u4e0d\u5065\u5eb7\uff1a\u662f\u6211\u60f3\u8981\u7684\u7a0b\u5f0f\u55ce? \u6700\u5f8c\u7684 commit \u6709\u6c92\u6709\u5f04\u58de\u4efb\u4f55\u6771\u897f? \u9019\u6642\u4f60\u9700\u8981\u7684\u4e00\u7a2e\u6a5f\u5236\u53ef\u4ee5\u4e00\u76f4\u5e6b\u4f60\u78ba\u4fdd\u9019\u4e9b\uff0c\u4e5f\u5c31\u662f\u81ea\u52d5\u5316\u7684\u55ae\u5143\u6e2c\u8a66(unit tests)\u3002"", ""start_index"": 7714, ""end_index"": 7837}, {""content"": ""\u56e0\u70ba\u6e2c\u8a66\u7684\u6d41\u7a0b\u7e3d\u662f 1.Setup(\u8a2d\u5b9a\u521d\u59cb\u8cc7\u6599) 2.Exercise\uff08\u57f7\u884c\u67d0\u4e9b\u64cd\u4f5c) 3. Verify(\u9a57\u8b49\u8f38\u51fa\u7d50\u679c\u8207\u9810\u671f\u76f8\u540c) 4.Teardown(\u6e05\u7a7a\u8cc7\u6599)\uff0c\u6240\u4ee5\u76ee\u524d\u6bcf\u5957\u7a0b\u5f0f\u8a9e\u8a00\u4e00\u5b9a\u90fd\u6703\u6709\u4e00\u5957 xUnit framework \u7684\u6e2c\u8a66\u6846\u67b6\u53ef\u4f9b\u4f7f\u7528\u3002"", ""start_index"": 7839, ""end_index"": 7968}]",data/agile.txt
為什麼應該在終端產品製作之前先測試其使用方法？,"[{""content"": ""\u5728\u5beb\u7a0b\u5f0f\u524d\u5148\u5beb\u597d\u6e2c\u8a66\u7a0b\u5f0f\u3002\u900f\u904e\u5148\u5beb\u6e2c\u8a66\u7a0b\u5f0f\uff0c\u53ef\u4ee5\u5f9e\u4f7f\u7528API\u7684\u89c0\u9ede\u4f86\u601d\u8003\u600e\u9ebc\u5beb\u7a0b\u5f0f\u3001\u600e\u9ebc\u8a2d\u8a08API\uff0c\u56e0\u800c\u5beb\u51fa\u66f4\u597d\u7528\u3001\u4e00\u81f4\u53ca\u7c21\u6f54\u7684\u7a0b\u5f0f\u4ecb\u9762\u3002"", ""start_index"": 8339, ""end_index"": 8408}]",data/agile.txt
如何有效回報錯誤以節省時間？,"[{""content"": ""\u8aaa\u5230\u9664\u932f\uff0c\u6211\u4e5f\u63a8\u85a6\u95b1\u8b80\u5982\u4f55\u6709\u6548\u5730\u5831\u544a\u932f\u8aa4\u9019\u4e00\u7bc7\u6587\u7ae0\uff0c\u8ac7\u7684\u662f\u5982\u4f55\u6b63\u78ba\u56de\u5831\u932f\u8aa4\uff0c\u597d\u7684\u932f\u8aa4\u56de\u5831\u53ef\u4ee5\u7bc0\u7701\u5f88\u591a\u6642\u9593\uff0c\u800c\u4e0d\u50c5\u50c5\u53ea\u662f\u4e00\u53e5 \u201c\u7a0b\u5f0f\u4e0d\u6703\u52d5\u201d \u800c\u5df2\u3002"", ""start_index"": 14467, ""end_index"": 14540}]",data/agile.txt
如何通過減少程式註解來提高程式碼可讀性？,"[{""content"": ""\u8a3b\u89e3\u662f\u7528\u4f86\u5beb\u76ee\u7684\u3001\u9650\u5236\u689d\u4ef6\u8ddf\u9810\u671f\u7d50\u679c\u7b49\uff0c\u800c\u4e0d\u662f\u5beb\u51fa\u4ee5\u4e0b\u9019\u4e9b\u7a0b\u5f0f\u4e00\u884c\u884c\u6703\u505a\u4e9b\u4ec0\u9ebc(\u8acb\u4e0d\u8981\u62ff\u8a3b\u89e3\u518d\u5beb\u4e00\u6b21\u7a0b\u5f0f\u78bc\u5728\u5beb\u7684\u4e8b\u60c5)\u3002"", ""start_index"": 10458, ""end_index"": 10518}, {""content"": ""\u4f60\u8981\u505a\u7684\u4e8b\u60c5\u61c9\u8a72\u662f\u8b93 source code \u672c\u8eab\u5bb9\u6613\u4e86\u89e3\uff0c\u800c\u4e0d\u662f\u900f\u904e\u8a3b\u89e3\u3002"", ""start_index"": 10660, ""end_index"": 10698}, {""content"": ""\u900f\u904e\u6b63\u78ba\u7684\u8b8a\u6578\u547d\u540d\u3001\u597d\u7684\u7a7a\u767d\u9593\u9694\u3001\u908f\u8f2f\u5206\u96e2\u6e05\u695a\u7684\u57f7\u884c\u8def\u5f91\u7b49\u624b\u6cd5\uff0c\u6211\u5011\u5f88\u5c11\u9700\u8981\u5728\u51fd\u5f0f\u88e1\u9762\u8a3b\u660e\u9019\u4e9b\u7a0b\u5f0f\u5728\u505a\u4ec0\u9ebc\uff0c\u6211\u81ea\u5df1\u7684\u7d93\u9a57\u9664\u975e\u662f\u6709\u53c3\u8003\u5916\u90e8\u7684\u7a0b\u5f0f\u78bc\u6216\u8907\u96dc\u6f14\u7b97\u6cd5\uff0c\u6211\u6703\u591a\u8a3b\u660e\u53c3\u8003\u4f86\u6e90(\u7db2\u5740)\u3002"", ""start_index"": 10698, ""end_index"": 10791}, {""content"": ""\u5426\u5247\u6c92\u6709\u5fc5\u8981\u7684\u8a3b\u89e3\u5c0d\u6211\u4f86\u8aaa\u5c31\u50cf\u566a\u97f3\u4e00\u6a23\uff0c\u59a8\u7919\u95b1\u8b80\u3002"", ""start_index"": 10791, ""end_index"": 10816}]",data/agile.txt
為何agile開發建議盡早開始開發階段而非詳細設計？,"[{""content"": ""agile \u5efa\u8b70\u76e1\u65e9\u958b\u59cb\u7684\u7406\u7531\u662f\uff0c\u518d\u591a\u7684\u8a2d\u8a08\u4e5f\u53ea\u662f\u57fa\u65bc\u4f60\u5c0d\u7576\u524d\u7684\u9700\u6c42\u4e86\u89e3\uff0c\u4e00\u65e6\u958b\u59cb coding\uff0c\u4e00\u5207\u90fd\u6703\u8b8a\u5316\uff0c\u4e0d\u9700\u8981\u628a\u6642\u9593\u6d6a\u8cbb\u5728\u8a73\u76e1\u7684\u8a2d\u8a08\u3002"", ""start_index"": 3604, ""end_index"": 3675}, {""content"": ""\u7576 designer \u8981\u6c42 coder \u5fc5\u9808\u6309\u7167\u8a2d\u8a08\u5be6\u505a\uff0c\u4f46\u662f\u7cfb\u7d71\u73fe\u5be6\u548c\u5df2\u7d93\u5b58\u5728\u7684\u7a0b\u5f0f\u544a\u8a34 coder \u9019\u4e26\u4e0d\u6703\u662f\u6700\u597d\u7684\u8a2d\u8a08\uff0c\u771f\u662f\u7cdf\u7cd5\uff0c\u8a2d\u8a08\u7684\u6642\u9593\u5df2\u7d93\u82b1\u4e86\uff0c\u6c92\u6709\u6642\u9593\u91cd\u4f86\u3002"", ""start_index"": 3803, ""end_index"": 3888}, {""content"": ""agile \u7684\u7cbe\u795e\u4e0d\u662f\u544a\u8a34\u4f60\u8a2d\u8a08\u3001\u8a08\u756b\u4e0d\u91cd\u8981\uff0c\u7f3a\u5c11\u4efb\u4f55\u8a2d\u8a08\u5c31\u9032\u5165 coding \u662f\u975e\u5e38\u5371\u96aa\u7684\uff0c\u5c31\u50cf\u7f8e\u570b\u7e3d\u7d71\u827e\u68ee\u8c6a\u6240\u8aaa\u5f97 \u201d The plan is worthless. The planning is essential.\u201d\uff0c\u8a2d\u8a08\u7684\u904e\u7a0b\u624d\u662f\u6536\u7a6b\u6700\u591a\u7684\u5730\u65b9\u3002"", ""start_index"": 4290, ""end_index"": 4418}]",data/agile.txt
為什麼迭代開發週期要儘快釋出可用版本？,"[{""content"": ""\u6709\u4e86\u4e00\u5230\u56db\u5468\u7684\u958b\u767c\u9031\u671f\uff0c\u63a5\u4e0b\u4f86\u6211\u5011\u9084\u5e0c\u671b\u4e0a\u7dda\u7684 release \u662f\u4ee5 1~6\u500b\u6708\u70ba\u9031\u671f\uff0c\u91cb\u51fa\u5373\u4f7f\u529f\u80fd\u5c11\uff0c\u4f46\u662f\u7a69\u5b9a\u53ef\u4ee5\u904b\u4f5c\uff0c\u53ef\u4ee5\u63d0\u4f9b\u5ba2\u6236\u64cd\u4f5c\u50f9\u503c\u7684\u7248\u672c\u3002"", ""start_index"": 6813, ""end_index"": 6888}, {""content"": ""\u5feb\u9ede\u4e0a\u7dda\u7684\u597d\u8655\u662f\u53ef\u4ee5\u5118\u5feb\u7372\u5f97\u6536\u76ca\uff0c\u8b93\u5c08\u6848\u66f4\u6709\u529b\u91cf\u7e7c\u7e8c\u9032\u884c\uff0c\u5f97\u5230 user feedback \u4ec0\u9ebc\u662f\u7528\u6236\u771f\u6b63\u6700\u60f3\u8981\u7684\u529f\u80fd\uff0c\u4ec0\u9ebc\u662f\u4f60\u672c\u4f86\u60f3\u8981\u4f46\u662f\u5176\u5be6\u5ba2\u6236\u4e0d\u9700\u8981\u7684\u529f\u80fd\u3002"", ""start_index"": 7036, ""end_index"": 7117}, {""content"": ""\u958b\u767c\u4eba\u54e1\u4e5f\u5e0c\u671b\u5feb\u9ede\u5f97\u5230\u6210\u679c\uff0c\u4e00\u500b\u8a08\u756b\u4e00\u5e74\u5f8c\u624d\u91cb\u51fa\u7684\u8edf\u9ad4\u8b93\u4eba\u63d0\u4e0d\u8d77\u52c1\uff0c\u80fd\u5f97\u5230\u771f\u6b63\u7528\u6236\u7684\u6b63\u5411\u9f13\u52f5\u7d55\u5c0d\u6709\u52a9\u65bc\u751f\u7522\u529b\u3002"", ""start_index"": 7117, ""end_index"": 7172}]",data/agile.txt
如何透過及時的客戶決策來省時省力？,"[{""content"": ""\u7576\u78b0\u5230\u8a2d\u8a08\u4e0a\u7684\u6c7a\u7b56\u6642\uff0c\u5c24\u5176\u662f business-critical \u6c7a\u7b56\uff0c\u4f8b\u5982\u6709\u5169\u500b\u89e3\u6c7a\u65b9\u6848\uff0c\u4e00\u500b\u8907\u96dc\u8017\u6642\u9577\uff0c\u53e6\u4e00\u500b\u8f03\u7c21\u55ae\u82b1\u8f03\u5c11\u6642\u9593\u3002\u9019\u6642\u4e0d\u8981\u81ea\u5df1\u5148\u6c7a\u5b9a\uff0c\u800c\u662f\u6e96\u5099\u597d\u8cc7\u6599(\u512a\u7f3a\u9ede\u8ddf\u8017\u6642\u4f30\u7b97)\u5411\u91d1\u4e3b(\u5ba2\u6236)\u4e26\u7528\u4ed6\u5011\u807d\u7684\u61c2\u7684\u8a9e\u8a00\uff0c\u8b93\u4ed6\u5011\u6c7a\u5b9a\u3002\u6211\u81ea\u5df1\u7684\u7d93\u9a57\u662f\u5e38\u5e38\u4f60\u6253\u7b97\u505a\u7684\u6c92\u6709\u5ba2\u6236\u60f3\u8981\u7684\u9019\u9ebc\u8907\u96dc\u5537\uff0c\u9019\u6642\u5019\u5c31\u53ef\u4ee5\u7701\u4e0b\u9019\u4e9b\u6642\u9593\u53bb\u505a\u771f\u6b63\u5ba2\u6236\u8981\u7684\u3002"", ""start_index"": 3176, ""end_index"": 3341}]",data/agile.txt
為什麼要將警告視為錯誤來處理？,"[{""content"": ""Warnings Are Really Errors (\u628a\u8b66\u544a\u7576\u771f)\n\u7de8\u8b6f\u5668(\u9019\u88e1\u6cdb\u6307 complier \u6216 interpreter) \u7684\u8b66\u544a\u5e38\u5e38\u6709\u4eba\u662f\u5ffd\u7565\u4e0d\u770b\u7684\uff0c\u53cd\u6b63\u53ef\u4ee5\u7de8\u8b6f\u57f7\u884c\u4e0d\u6703 error \u5c31\u597d\u4e86\uff1f\u66f8\u4e0a\u8209\u4e86 C++ \u7684\u4f8b\u5b50\uff0c\u7de8\u8b6f\u5668\u7684\u8b66\u544a\u9084\u662f\u883b\u6709\u7528\u7684(\u6211\u60f3\u7279\u5225\u662f static \u8a9e\u8a00)\u53ef\u4ee5\u5e6b\u52a9\u4f60\u627e\u5230\u8ddf\u907f\u514d\u6f5b\u5728\u7684 Bugs\uff0c\u8acb\u4e0d\u8981\u5ffd\u7565\u3002\u8acb\u5c07\u7de8\u8b6f\u5668\u7684\u8b66\u544a\u4e5f\u7576\u4f5c\u7a0b\u5f0f\u932f\u8aa4\u6216\u7121\u6cd5\u901a\u904e\u6e2c\u8a66\u7684\u7a0b\u5f0f\u4e00\u6a23\u8a8d\u771f\u8655\u7406\u3002"", ""start_index"": 14867, ""end_index"": 15069}]",data/agile.txt
為什麼要經常進行整合而不是延遲整合？,"[{""content"": ""\u8a31\u591a\u4eba\u6703\u6703\u5ef6\u5f8c\u6574\u5408\uff0c\u7562\u7adf\u7cfb\u7d71\u6700\u5f8c\u518d\u6574\u5408\u5c31\u597d\uff0c\u53ea\u8981\u73fe\u5728\u81ea\u5df1\u7684 sub-system \u53ef\u4ee5\u52d5\u5c31\u597d\u3002\u4f46\u5982\u679c\u4f60\u4e00\u76f4\u53ea\u958b\u767c\u81ea\u5df1\u7684\u6771\u897f\uff0c\u800c\u8d8a\u6162\u8ddf\u5225\u4eba\u7684\u6771\u897f\u6574\u5408\u5728\u4e00\u8d77\uff0c\u8d8a\u662f\u8f9b\u82e6\u3002\u5efa\u8b70\u6574\u5408\u7684\u6b21\u6578\u5f9e\u4e00\u5929\u597d\u5e7e\u6b21\uff0c\u5230\u81f3\u591a\u5169\u4e09\u5929\u4e5f\u81f3\u5c11\u6709\u4e00\u6b21\u3002"", ""start_index"": 5289, ""end_index"": 5398}, {""content"": ""\u6211\u81ea\u5df1\u7684\u7d93\u9a57\u662f\uff0c\u4f60\u5728\u5206\u652f(branch)\u958b\u767c\u4e00\u500b\u529f\u80fd\uff0c\u800c\u4e3b\u5e79(trunk)\u540c\u6642\u4e5f\u6709\u5225\u4eba\u5728\u7e7c\u7e8c\u9032\u884c\uff0c\u9019\u6642\u5019\u5efa\u8b70\u6642\u5e38\u8981\u5f9e trunk merge \u9032\u4f60\u7684 branch\uff0c\u53ef\u4ee5\u7684\u8a71\u6bcf\u5929\u9032\u884c\uff0c\u800c\u4e0d\u662f\u7b49\u5230\u6700\u5f8c\u624d\u9032\u884c\u5408\u4f75\uff0c\u6700\u5f8c\u624d\u5408\u4f75\u53ef\u80fd\u5c31merge\u4e0d\u8d77\u4f86\u4e86\uff0c\u5dee\u7570\u592a\u5927\u3002"", ""start_index"": 5400, ""end_index"": 5527}, {""content"": ""\u900f\u904e\u76e1\u65e9\u6574\u5408\uff0c\u4f60\u6703\u767c\u73fe\u4f60\u7684 sub-system \u8207\u5176\u4ed6 sub-system \u5982\u4f55\u4e92\u52d5\uff0c\u8d8a\u65e9\u4e86\u89e3\u554f\u984c\u6240\u5728\uff0c\u4fee\u597d\u5b83\u7684\u5de5\u4f5c\u56f0\u96e3\u5ea6\u5c31\u8d8a\u4f4e\u3002"", ""start_index"": 5637, ""end_index"": 5704}]",data/agile.txt
什麼是遞增式編寫程式的好處？,"[{""content"": ""Code in Increments (\u905e\u589e\u5f0f\u5beb\u7a0b\u5f0f)\n\u5beb\u7a0b\u5f0f\u7684 edit/build/test \u9031\u671f\u8981\u77ed\uff0c\u52a0\u4e0a\u4e0d\u65b7\u7684\u91cd\u69cb\u6539\u9032\uff0c\u624d\u6703\u5beb\u51fa\u5bb9\u6613\u95b1\u8b80\u3001\u5bb9\u6613\u6e2c\u8a66\u7684\u5c0f\u51fd\u5f0f\u548c\u9ad8\u5167\u805a\u529b\u7684\u985e\u5225\uff0c\u800c\u4e0d\u662f\u4e00\u5927\u6cb1\u8907\u96dc\u7121\u6cd5\u638c\u63e1\u7684\u7a0b\u5f0f\u3002"", ""start_index"": 11849, ""end_index"": 11955}]",data/agile.txt
為什麼要使用自動化的部署機制？,"[{""content"": ""Automate Deployment Early (\u53ca\u65e9\u81ea\u52d5\u5316\u4f48\u7f72)\n\u81ea\u52d5\u5316\u5b89\u88dd\u6b65\u9a5f(Install or deploying your product should be easy, reliable and repeatable)\u3002"", ""start_index"": 5706, ""end_index"": 5825}, {""content"": ""\u5b89\u88dd\u6b65\u9a5f\u4e0d\u53ea\u6709\u4f60\u800c\u5df2\uff0c\u9084\u6709 production \u8ddf\u6240\u6709 programmers \u8ddf tester\u3002"", ""start_index"": 5847, ""end_index"": 5897}, {""content"": ""\u5982\u679c\u6700\u5f8c deploy \u624d\u505a\uff0c\u5e38\u6703\u767c\u751f\u6771\u5c11\u897f\u5c11\u88dd\u6771\u897f\u7684\u60c5\u6cc1\uff0c\u5e38\u5e38\u6a5f\u5668\u74b0\u5883\u6539\u4e86\u7a0b\u5f0f\u5c31\u58de\u4e86\u3002"", ""start_index"": 5897, ""end_index"": 5941}, {""content"": ""\u8d81\u65e9\u505a\u597d\u5b89\u88dd\u7a0b\u5f0f\u4e5f\u53ef\u4ee5\u8b93 QA team \u53ca\u65e9\u6e2c\u8a66\u4e0d\u540c\u6a5f\u5668\u74b0\u5883\u8ddf\u8a2d\u5b9a\u7684 deployment\u3002"", ""start_index"": 5941, ""end_index"": 5988}, {""content"": ""\u81ea\u52d5\u5316\u4f48\u7f72\uff0c\u5728 web \u5c08\u6848\u4e2d\uff0c\u53ef\u4ee5\u5feb\u901f\u4e0a\u7dda\u7684\u80fd\u529b\u5c07\u6703\u975e\u5e38\u65b9\u4fbf\uff0c\u7279\u5225\u662f\u6709bug\u99ac\u4e0a\u4fee\u597d\u7684\u6642\u5019\u3002"", ""start_index"": 6030, ""end_index"": 6077}]",data/agile.txt
如何確保軟體開發中的程式碼變更不會影響系統穩定性？,"[{""content"": ""\u7576\u4f60\u8ddf\u4e00\u500b\u5718\u968a\u4e00\u8d77\u5de5\u4f5c\uff0c\u4f60\u5fc5\u9808\u4e86\u89e3\u5230\u4f60\u7684 changes \u662f\u6703\u5f71\u97ff\u6574\u500b team \u7684\u751f\u7522\u529b\uff0c\u4e00\u500b unreleasable \u7684\u72c0\u614b\u8b93\u6574\u500b team \u5361\u5728\u90a3\u88e1\u3002"", ""start_index"": 4775, ""end_index"": 4854}, {""content"": ""\u4f60\u4e0d\u80fd\u5fcd\u53d7\u5225\u4eba check-in \u7684 code \u628a\u7a0b\u5f0f\u641e\u721b\u5230\u4e0d\u80fd\u52d5\uff0c\u5225\u4eba\u4e5f\u4e0d\u559c\u6b61\u3002"", ""start_index"": 4854, ""end_index"": 4895}, {""content"": ""\u6700\u597d\u7684\u8fa6\u6cd5\u5c31\u662f\u5efa\u7f6e\u4e00\u500b continuous integration system (CI)\uff0c\u7576\u6709\u4e00\u500b check-in \u6642\u6703\u81ea\u52d5 check-out \u51fa\u4f86\u57f7\u884c\u6e2c\u8a66\u4e26\u7522\u751f\u901a\u77e5\u3002"", ""start_index"": 5006, ""end_index"": 5094}, {""content"": ""\u5728 check-in \u524d\u8dd1\u4e00\u904d\u6240\u6709\u7684 unit tests"", ""start_index"": 4923, ""end_index"": 4952}, {""content"": ""\u53e6\u5916\u9084\u53ef\u4ee5\u52a0\u88dd\u4e00\u5957 continuous build \u5de5\u5177(\u4f8b\u5982 CruiseControl)\uff0c\u5b83\u53ef\u4ee5\u81ea\u52d5 checkout \u6700\u65b0\u7684\u7a0b\u5f0f\u78bc\u4e26\u6e2c\u8a66\uff0c\u4e00\u65e6\u6709\u4eba\u9001\u4ea4\u4e86\u6709\u932f\u7684\u7a0b\u5f0f\u78bc\uff0c\u99ac\u4e0a\u5c31\u53ef\u4ee5\u901a\u77e5\u4e26\u4fee\u6b63(\u9019\u6642\u5019fix bug\u6700\u7c21\u55ae\u4e14\u6210\u672c\u6700\u4f4e)\u3002"", ""start_index"": 7970, ""end_index"": 8088}]",data/agile.txt
什麼是敏捷開發每日會議的優點？,"[{""content"": ""Schedule Regular Face Time (\u9032\u884c\u6bcf\u65e5\u7684\u56fa\u5b9a\u7c21\u77ed\u958b\u6703)\n\u958b\u6703\u662f\u500b\u6e9d\u901a\u5fc5\u8981\u4f46\u53c8\u82b1\u6642\u9593\u8a0e\u4eba\u53ad\u7684\u4e8b\u60c5\uff0c\u5728 Agile \u65b9\u6cd5\u8ad6\u88e1\u9762\u63d0\u51fa\u4e86\u4e00\u7a2e\u53eb Stand-up meeting \u7684\u6bcf\u5929\u958b\u6703\u65b9\u5f0f\uff0c\u6b63\u5982\u5176\u540d\u5efa\u8b70\u7684\uff1a\u8acb\u7ad9\u8457\u958b\u6703\uff0c\u9019\u6a23\u624d\u6703\u63d0\u9192\u5927\u5bb6\u76e1\u65e9\u958b\u5b8c\u3002"", ""start_index"": 16612, ""end_index"": 16745}, {""content"": ""Stand-up meeting \u6709\u5e7e\u500b\u597d\u8655\uff1a1. \u7e7c\u7e8c\u5c08\u5fc3\u6bcf\u5929\u7684\u9032\u5ea6 2. \u5982\u679c developer \u78b0\u5230\u4efb\u4f55\u554f\u984c\uff0c\u53ef\u4ee5\u6709\u6a5f\u6703\u767c\u51fa\u8072\u97f3\u5c0b\u6c42\u5e6b\u52a9\uff0c\u52a0\u901f\u4e8b\u60c5\u89e3\u6c7a 3. \u5e6b\u52a9\u5718\u968a\u6210\u54e1\u4e86\u89e3\u5176\u4ed6\u4eba\u5728\u505a\u4ec0\u9ebc\u4e8b\u60c5\u3002"", ""start_index"": 16917, ""end_index"": 17018}]",data/agile.txt
什麼是隔離問題以進行除錯的方法？,"[{""content"": ""\u8981\u5728\u4e00\u500b\u5927\u7cfb\u7d71\u627e\u7279\u5b9a\u554f\u984c\uff0c\u4e0d\u8981\u6574\u500b\u7cfb\u7d71\u4e00\u8d77\u6e2c\uff0c\u800c\u662f\u5c07\u5206\u958b\u9694\u96e2\u627e\u51fa\u75c5\u56e0\u3002\u5982\u679c\u6709\u505a unit tests\uff0c\u6211\u5011\u77e5\u9053\u53ef\u4ee5\u5c07 dependence \u7684\u6771\u897f\u7528 mock object \u9694\u96e2\u51fa\u4f86\uff0c\u9019\u6a23\u6e2c\u8a66\u7684\u6642\u5019\u5c31\u4e0d\u6703\u88ab\u5916\u90e8\u56e0\u7d20\u5e72\u64fe\u3002\u540c\u7406\u5728\u6293\u6574\u500b\u7cfb\u7d71\u4e2d\u7684\u7279\u5b9a Bugs \u7684\u6642\u5019\uff0c\u5fc5\u8981\u7684\u8a71\u53ef\u4ee5\u505a\u4e00\u4e9b\u5047\u7684 prototype \u5143\u4ef6\u7528\u4ee5\u9694\u96e2\u6293\u51fa\u554f\u984c\u6240\u5728\uff0c\u540c\u6642\u4e5f\u6bd4\u8f03\u597d\u9664\u932f\u6e2c\u8a66\u3002"", ""start_index"": 15420, ""end_index"": 15598}, {""content"": ""\u6211\u81ea\u5df1\u571f\u6cd5\u7149\u92fc\u9664\u932f CSS \u4e5f\u662f\u5982\u6b64\uff0c\u5148\u79fb\u9664 CSS \u6a94\u6848\u7684\u4e00\u534a\uff0c\u770b\u770b\u554f\u984c\u662f\u4e0d\u662f\u51fa\u5728\u9019\u88e1\uff0c\u7136\u5f8c\u518d\u780d\u4e00\u534a\u76f4\u5230\u627e\u5230\u6709\u554f\u984c\u7684\u90a3\u4e00\u884c\u3002(Binary search?)"", ""start_index"": 15600, ""end_index"": 15679}]",data/agile.txt
如何有效利用解決方案日誌來簡化問題解決過程？,"[{""content"": ""\u89e3\u6c7a\u554f\u984c\u4e00\u76f4\u662f\u8edf\u9ad4\u958b\u767c\u8005\u7684\u5de5\u4f5c\u9805\u76ee(\u9019\u88e1\u6307\u7684\u554f\u984c\u6bd4\u8f03\u50cf\u662f\u8edf\u9ad4\u5b89\u88dd\u3001\u7248\u672c\u3001\u51fd\u5f0f\u5eab\u4f7f\u7528\u7b49\u7b49\u554f\u984c\uff0c\u4f8b\u5982 windows \u4e0a\u5982\u4f55\u628a MySQL Ruby gem \u88dd\u8d77\u4f86\u7b49\u7b49)\uff0c\u4e0d\u904e\u6709\u6642\u5019\u6703\u78b0\u5230\u4f3c\u66fe\u76f8\u4f3c\u7684\u554f\u984c\uff0c\u7591\uff1f\u6211\u4ee5\u524d\u662f\u600e\u9ebc\u89e3\u6c7a\u7684\uff1f\u62dc\u7db2\u8def\u767c\u9054\u4e4b\u8cdc\uff0cGoogle \u641c\u5c0b\u4e00\u4e0b\u901a\u5e38\u6703\u6709\u4e0d\u5c11\u5e6b\u52a9\uff0c\u4f46\u662f\u9084\u662f\u5f97\u82b1\u4e0d\u5c11\u6642\u9593\u627e\u5c0b\u89e3\u7b54\u3002"", ""start_index"": 14576, ""end_index"": 14731}, {""content"": ""\u81ea\u5df1\u7dad\u8b77\u4e00\u4efd\u7c21\u55ae\u7684 solutions log \u5427\uff0c\u7d00\u9304\u4e0b\u65e5\u671f\u3001\u554f\u984c\u63cf\u8ff0\u3001\u89e3\u6cd5\u3001\u53c3\u8003\u7db2\u5740\u7b49\u7b49\u8cc7\u8a0a\uff0c\u4e4b\u5f8c\u78b0\u5230\u985e\u4f3c\u7684\u554f\u984c\u5c31\u53ef\u4ee5\u641c\u5c0b\u7684\u5230\u3002\u5c07\u9019\u4efd log \u7528 wiki \u7dad\u8b77\u4e5f\u662f\u4e0d\u932f\u7684\u4e3b\u610f\u3002\u6216\u662f\u5beb\u5728 Blog \u4e0a\uff0c\u9019\u6a23 google \u641e\u4e0d\u597d\u9084\u6703\u641c\u5c0b\u5230\u81ea\u5df1\u4ee5\u524d\u5beb\u7684\u89e3\u6cd5\u2026XD"", ""start_index"": 14733, ""end_index"": 14865}]",data/agile.txt
如何在調用函式時應對例外情況？,"[{""content"": ""\u5982\u679c\u547c\u53eb\u4e00\u500b\u53ef\u80fd\u6703\u4e1f\u4f8b\u5916\u7684\u51fd\u5f0f\uff0c\u7576\u78b0\u5230\u4f8b\u5916\u6642\uff0c\u76e1\u91cf\u53ef\u4ee5\u8655\u7406\u5c31\u8655\u7406\uff0c\u4e0d\u7136\u8acb\u8b93\u4ed6\u81ea\u7136\u50b3\u64ad(Propagate)\u4e0a\u53bb\u7d66\u4e0a\u4e00\u5c64 Caller \u8655\u7406\uff0c\u4e0d\u8981\u6514\u4e0b\u4f86\u53c8\u4ec0\u9ebc\u90fd\u4e0d\u505a\u3002"", ""start_index"": 15713, ""end_index"": 15795}, {""content"": ""\u5982\u679c\u5728\u6574\u500b call stack \u4e2d\u6709\u500b\u50a2\u4f19\u5beb\u4e86\u500b\u7a7a\u500b catch \u6240\u6709\u4f8b\u5916\uff0c\u7136\u5f8c return null \u4ec0\u9ebc\u90fd\u4e0d\u505a\uff0c\u5230\u6642\u5019\u8981\u627e Bugs \u4f60\u5c31\u6703\u5f88\u60f3\u6bba\u4eba\u4e86\uff0c\u56e0\u70ba\u975e\u5f97 trace \u9032\u53bb call stack \u624d\u80fd\u627e\u5230\u539f\u56e0\u3002"", ""start_index"": 15795, ""end_index"": 15907}, {""content"": ""\u6c7a\u5b9a\u8981\u5728\u54ea\u4e00\u5c64\u8655\u7406\u4f8b\u5916\u662f\u500b\u8a2d\u8a08\u4e0a\u7684\u8003\u91cf\uff0c\u4f46\u662f\u5982\u679c\u547c\u53eb\u4e00\u500b\u51fd\u5f0f\u537b\u8981\u8003\u616e\u8655\u7406\u4e8c\u4e09\u5341\u7a2e\u4ee5\u4e0a\u7684\u4f8b\u5916\u53ef\u80fd\u5c31\u6709\u8a2d\u8a08\u4e0a\u7684\u554f\u984c\u4e86\u3002"", ""start_index"": 15983, ""end_index"": 16040}]",data/agile.txt
什麼是 Command Query Separation 技巧及其目的是什麼？,"[{""content"": ""\u4e00\u500b\u8ddf Tell, Don\u2019t Ask \u76f8\u95dc\u7684\u624b\u6cd5\u662f\u628a\u6240\u6709\u4f60\u7684\u51fd\u5f0f\u90fd\u53ea\u5206\u6210 Command \u548c Query \u5169\u7a2e\uff0c\u524d\u8005\u6703\u6539\u8b8a\u67d0\u7a2e\u72c0\u614b(\u70ba\u4e86\u65b9\u4fbf\u4e5f\u8a31\u6703\u56de\u50b3\u4e00\u4e9b\u503c)\uff0c\u5f8c\u8005\u53ea\u662f\u67e5\u8a62\u4e0d\u6703\u6709\u4efb\u4f55\u66f4\u52d5\u3002"", ""start_index"": 13125, ""end_index"": 13220}, {""content"": ""Command Query Separation \u624b\u6cd5\u7684\u539f\u610f\u662f\u907f\u514d side-effect\uff0c\u4e0d\u8981\u540c\u6642\u4fee\u6539\u53c8\u67e5\u8a62\u72c0\u614b\uff0c\u4ee5\u65b9\u4fbf\u6e2c\u8a66\u53ca\u9664\u932f\u3002"", ""start_index"": 13220, ""end_index"": 13287}]",data/agile.txt
"什麼是 Tell, Don’t Ask 與 Smalltalk 中的 message passing 方法的關聯？","[{""content"": ""\u60f3\u8981\u4ec0\u9ebc(tell)\uff0c\u800c\u4e0d\u662f\u53bb\u554f(ask)\u7269\u4ef6\u7684\u72c0\u614b\uff0c\u7136\u5f8c\u505a\u6c7a\u5b9a\u518d\u544a\u8a34\u7269\u4ef6\u8981\u505a\u4ec0\u9ebc\u3002\u6839\u64da\u88ab\u547c\u53eb\u8005\u7684\u72c0\u614b\u4f86\u505a\u6c7a\u5b9a\u7684\u908f\u8f2f\u61c9\u8a72\u662f\u88ab\u547c\u53eb\u8005\u7684\u8cac\u4efb\u3002"", ""start_index"": 13054, ""end_index"": 13123}, {""content"": ""\u4e00\u500b\u8ddf Tell, Don\u2019t Ask \u76f8\u95dc\u7684\u624b\u6cd5\u662f\u628a\u6240\u6709\u4f60\u7684\u51fd\u5f0f\u90fd\u53ea\u5206\u6210 Command \u548c Query \u5169\u7a2e\uff0c\u524d\u8005\u6703\u6539\u8b8a\u67d0\u7a2e\u72c0\u614b(\u70ba\u4e86\u65b9\u4fbf\u4e5f\u8a31\u6703\u56de\u50b3\u4e00\u4e9b\u503c)\uff0c\u5f8c\u8005\u53ea\u662f\u67e5\u8a62\u4e0d\u6703\u6709\u4efb\u4f55\u66f4\u52d5\u3002"", ""start_index"": 13125, ""end_index"": 13220}, {""content"": ""\u5728 Smalltalk \u8a9e\u8a00\u4e2d\u7528 \u201cmessage passsing\u201d \u53d6\u4ee3 method calls \u4e00\u8a5e\uff0c\u9019\u8ddf Tell, Don\u2019t Ask \u7684\u611f\u89ba\u985e\u4f3c\uff0c\u50cf\u662f\u9001\u8a0a\u606f\u800c\u4e0d\u662f\u57f7\u884c\u529f\u80fd\u3002"", ""start_index"": 13327, ""end_index"": 13420}]",data/agile.txt
為何要讓客戶參與設計決策過程？,"[{""content"": ""\u7576\u78b0\u5230\u8a2d\u8a08\u4e0a\u7684\u6c7a\u7b56\u6642\uff0c\u5c24\u5176\u662f business-critical \u6c7a\u7b56\uff0c\u4f8b\u5982\u6709\u5169\u500b\u89e3\u6c7a\u65b9\u6848\uff0c\u4e00\u500b\u8907\u96dc\u8017\u6642\u9577\uff0c\u53e6\u4e00\u500b\u8f03\u7c21\u55ae\u82b1\u8f03\u5c11\u6642\u9593\u3002\u9019\u6642\u4e0d\u8981\u81ea\u5df1\u5148\u6c7a\u5b9a\uff0c\u800c\u662f\u6e96\u5099\u597d\u8cc7\u6599(\u512a\u7f3a\u9ede\u8ddf\u8017\u6642\u4f30\u7b97)\u5411\u91d1\u4e3b(\u5ba2\u6236)\u4e26\u7528\u4ed6\u5011\u807d\u7684\u61c2\u7684\u8a9e\u8a00\uff0c\u8b93\u4ed6\u5011\u6c7a\u5b9a\u3002"", ""start_index"": 3176, ""end_index"": 3293}, {""content"": ""\u6211\u81ea\u5df1\u7684\u7d93\u9a57\u662f\u5e38\u5e38\u4f60\u6253\u7b97\u505a\u7684\u6c92\u6709\u5ba2\u6236\u60f3\u8981\u7684\u9019\u9ebc\u8907\u96dc\u5537\uff0c\u9019\u6642\u5019\u5c31\u53ef\u4ee5\u7701\u4e0b\u9019\u4e9b\u6642\u9593\u53bb\u505a\u771f\u6b63\u5ba2\u6236\u8981\u7684\u3002"", ""start_index"": 3293, ""end_index"": 3341}, {""content"": ""\u8a18\u5f97\u7d00\u9304\u4e0b\u4f86\u6bcf\u500b\u6c7a\u5b9a\u8ddf\u7406\u7531\uff0c\u7576\u7136\u4f60\u7684\u554f\u984c\u4e5f\u4e0d\u80fd\u592a\u6280\u8853\u7d30\u7bc0\uff0c\u800c\u662f\u8981\u6709\u95dc\u4fc2\u5230 business\u3002"", ""start_index"": 3343, ""end_index"": 3389}]",data/agile.txt
如何保持程式的簡單性？,"[{""content"": ""\u6548\u80fd\u5f88\u91cd\u8981\uff0c\u4f46\u662f\u5982\u679c Performance \u5df2\u7d93\u9054\u5230\u5408\u7406\u8981\u6c42\u4e86\uff0c\u8acb\u4e5f\u8003\u616e\u5be6\u505a\u65b9\u4e0d\u65b9\u4fbf\u3001\u82b1\u8cbb\u7684\u6210\u672c\u8ddf\u6642\u9593\uff0c\u800c\u4e0d\u662f\u53ea\u60f3\u201d\u66f4\u5feb\u4e00\u9ede\u201d\u4e86\u3002"", ""start_index"": 11675, ""end_index"": 11741}, {""content"": ""\u7576\u5b78\u5230\u65b0\u7684 Patterns\u3001Principles \u6216\u6280\u8853\u6642\uff0c\u8acb\u62b5\u64cb\u4f4f\u904e\u5ea6\u8a2d\u8a08\u548c\u904e\u5ea6\u8907\u96dc\u5316\u7a0b\u5f0f\u78bc\u7684\u58d3\u529b\u3002"", ""start_index"": 11979, ""end_index"": 12031}, {""content"": ""\u76e1\u91cf\u767c\u5c55\u51fa\u6700\u7c21\u660e\u7684\u89e3\u6c7a\u65b9\u6848\uff0c\u4efb\u4f55\u7b28\u86cb\u90fd\u6709\u8fa6\u6cd5\u628a\u7a0b\u5f0f\u5beb\u7684\u66f4\u5927\u66f4\u8907\u96dc\u66f4\u66b4\u529b\u3002"", ""start_index"": 12068, ""end_index"": 12104}]",data/agile.txt
什麼是測試驅動開發的好處？,"[{""content"": ""Use It Before You Build It (\u7528\u4e4b\u524d\u5148\u6e2c\u8a66\u600e\u9ebc\u7528)\n\u9019\u7bc0\u9032\u4e00\u6b65\u8ac7\u6e2c\u8a66\u9a45\u52d5\u958b\u767c(TDD)\uff0c\u5728\u5beb\u7a0b\u5f0f\u524d\u5148\u5beb\u597d\u6e2c\u8a66\u7a0b\u5f0f\u3002\u900f\u904e\u5148\u5beb\u6e2c\u8a66\u7a0b\u5f0f\uff0c\u53ef\u4ee5\u5f9e\u4f7f\u7528API\u7684\u89c0\u9ede\u4f86\u601d\u8003\u600e\u9ebc\u5beb\u7a0b\u5f0f\u3001\u600e\u9ebc\u8a2d\u8a08API\uff0c\u56e0\u800c\u5beb\u51fa\u66f4\u597d\u7528\u3001\u4e00\u81f4\u53ca\u7c21\u6f54\u7684\u7a0b\u5f0f\u4ecb\u9762\u3002"", ""start_index"": 8282, ""end_index"": 8408}]",data/agile.txt
如何及時整合專案中的變更以減少困難度？,"[{""content"": ""Integrate Early, Integrate Often (\u76e1\u65e9\u6574\u5408\u3001\u6642\u5e38\u6574\u5408)\n\u8a31\u591a\u4eba\u6703\u6703\u5ef6\u5f8c\u6574\u5408\uff0c\u7562\u7adf\u7cfb\u7d71\u6700\u5f8c\u518d\u6574\u5408\u5c31\u597d\uff0c\u53ea\u8981\u73fe\u5728\u81ea\u5df1\u7684 sub-system \u53ef\u4ee5\u52d5\u5c31\u597d\u3002\u4f46\u5982\u679c\u4f60\u4e00\u76f4\u53ea\u958b\u767c\u81ea\u5df1\u7684\u6771\u897f\uff0c\u800c\u8d8a\u6162\u8ddf\u5225\u4eba\u7684\u6771\u897f\u6574\u5408\u5728\u4e00\u8d77\uff0c\u8d8a\u662f\u8f9b\u82e6\u3002\u5efa\u8b70\u6574\u5408\u7684\u6b21\u6578\u5f9e\u4e00\u5929\u597d\u5e7e\u6b21\uff0c\u5230\u81f3\u591a\u5169\u4e09\u5929\u4e5f\u81f3\u5c11\u6709\u4e00\u6b21\u3002"", ""start_index"": 5244, ""end_index"": 5398}, {""content"": ""\u9694\u96e2\u958b\u767c(isolate)\u53ef\u4ee5\u8b93\u4f60\u958b\u767c\u66f4\u5feb\u907f\u514d\u5e72\u64fe\uff0c\u4f46 isolate \u8207 integrate \u4e0d\u662f\u4e0d\u80fd\u540c\u6642\u9032\u884c\uff0c\u6211\u5011\u53ef\u4ee5\u900f\u904e mock object \u6280\u8853\u5728 isolate \u7684\u74b0\u5883\u4e2d\u6e2c\u8a66\u4f60\u7684 sub-system\u3002\u900f\u904e\u76e1\u65e9\u6574\u5408\uff0c\u4f60\u6703\u767c\u73fe\u4f60\u7684 sub-system \u8207\u5176\u4ed6 sub-system \u5982\u4f55\u4e92\u52d5\uff0c\u8d8a\u65e9\u4e86\u89e3\u554f\u984c\u6240\u5728\uff0c\u4fee\u597d\u5b83\u7684\u5de5\u4f5c\u56f0\u96e3\u5ea6\u5c31\u8d8a\u4f4e\u3002"", ""start_index"": 5529, ""end_index"": 5704}]",data/agile.txt
為何應斟酌是否使用過期技術?,"[{""content"": ""\u6280\u8853\u5728\u9032\u6b65\uff0c\u6709\u6642\u5019\u5fc5\u9808\u628a\u820a\u6771\u897f\u7d66\u4e1f\u6389\u5b78\u65b0\u7684\uff0c\u4f8b\u5982CPU\u8b8a\u5feb\u4e86\uff0cDeveloper time \u8b8a\u91cd\u8981\u4e86\uff0c\u5f88\u591a\u4ee5\u5f80\u7684\u820a\u5beb\u6cd5\u4e0d\u518d\u9069\u7528\u5fc5\u9808\u4e1f\u6389\u3002\u4e0d\u904e\u6700\u56f0\u96e3\u7684\u7b2c\u4e00\u6b65\u5c31\u662f\u4e86\u89e3\u5230\u662f\u5426\u7528\u4e86\u904e\u671f\u7684\u89e3\u6cd5\u3002"", ""start_index"": 2445, ""end_index"": 2537}]",data/agile.txt
在軟體開發的錯誤處理中，為什麼重要的是要回報所有的例外？,"[{""content"": ""Report All Exceptions (\u56de\u5831\u6240\u6709\u7684\u4f8b\u5916)\n\u5982\u679c\u547c\u53eb\u4e00\u500b\u53ef\u80fd\u6703\u4e1f\u4f8b\u5916\u7684\u51fd\u5f0f\uff0c\u7576\u78b0\u5230\u4f8b\u5916\u6642\uff0c\u76e1\u91cf\u53ef\u4ee5\u8655\u7406\u5c31\u8655\u7406\uff0c\u4e0d\u7136\u8acb\u8b93\u4ed6\u81ea\u7136\u50b3\u64ad(Propagate)\u4e0a\u53bb\u7d66\u4e0a\u4e00\u5c64 Caller \u8655\u7406\uff0c\u4e0d\u8981\u6514\u4e0b\u4f86\u53c8\u4ec0\u9ebc\u90fd\u4e0d\u505a\u3002\u5982\u679c\u5728\u6574\u500b call stack \u4e2d\u6709\u500b\u50a2\u4f19\u5beb\u4e86\u500b\u7a7a\u500b catch \u6240\u6709\u4f8b\u5916\uff0c\u7136\u5f8c return null \u4ec0\u9ebc\u90fd\u4e0d\u505a\uff0c\u5230\u6642\u5019\u8981\u627e Bugs \u4f60\u5c31\u6703\u5f88\u60f3\u6bba\u4eba\u4e86\uff0c\u56e0\u70ba\u975e\u5f97 trace \u9032\u53bb call stack \u624d\u80fd\u627e\u5230\u539f\u56e0\u3002"", ""start_index"": 15681, ""end_index"": 15907}]",data/agile.txt
為什麼要避免在程式中使用縮寫變數？,"[{""content"": ""\u53e6\u5916\u5c31\u662f\u5927\u5bb6\u5f88\u559c\u6b61\u7528\u7e2e\u5beb\uff0c\u9019\u5728\u6211\u4e4b\u524d\u5beb\u7684\u6587\u7ae0 \u7269\u4ef6\u5c0e\u5411\u7a0b\u5f0f\u7684\u4e5d\u500b\u9ad4\u64cd\u7df4\u7fd2 \u4e5f\u6709\u63d0\u5230\uff0c\u9019\u4e9b\u53ea\u6709\u4e00\u500b\u5b57\u6bcd\u7684\u66ab\u6642\u8b8a\u6578\u4e26\u6c92\u6709\u8fa6\u6cd5\u50b3\u9054\u51fa\u4efb\u4f55\u53ef\u4ee5\u5e6b\u52a9\u4e86\u89e3\u7684\u8cc7\u8a0a\u3002"", ""start_index"": 11285, ""end_index"": 11360}]",data/agile.txt
為什麼設計文件不必過於詳盡？,"[{""content"": ""Let Design Guide. Not Dictate (\u8b93\u8a2d\u8a08\u5f15\u5c0e\uff0c\u800c\u975e\u9245\u7d30\u9761\u907a)"", ""start_index"": 3420, ""end_index"": 3464}, {""content"": ""\u8a2d\u8a08\u6587\u4ef6\u4e0d\u8981\u7d30\u7bc0\u5230\u544a\u8a34\u4f60\u600e\u9ebc\u5be6\u505a\uff0c\u800c\u662f\u4e00\u5f35\u5730\u5716\u544a\u8a34\u4f60\u65b9\u5411\u3002"", ""start_index"": 3465, ""end_index"": 3494}, {""content"": ""\u50b3\u7d71\u4f5c\u6cd5\u7279\u5225\u5f37\u8abf\u8a2d\u8a08\u968e\u6bb5\uff0c\u5e0c\u671b\u8a2d\u8a08\u6587\u4ef6\u76e1\u53ef\u80fd\u8a73\u76e1\uff0c\u4f46\u662f agile \u5247\u5efa\u8b70\u4f60\u76e1\u65e9\u9032\u5165\u958b\u767c(development)\u968e\u6bb5\uff0c\u9019\u4e0d\u4ee3\u8868\u5ffd\u7565 design \u7684\u610f\u601d\uff0c\u57fa\u672c\u7684 key diagrams \u4ecd\u662f\u4e00\u958b\u59cb\u5c31\u5fc5\u9808\u5148\u601d\u8003\u3002"", ""start_index"": 3495, ""end_index"": 3602}, {""content"": ""agile \u5efa\u8b70\u76e1\u65e9\u958b\u59cb\u7684\u7406\u7531\u662f\uff0c\u518d\u591a\u7684\u8a2d\u8a08\u4e5f\u53ea\u662f\u57fa\u65bc\u4f60\u5c0d\u7576\u524d\u7684\u9700\u6c42\u4e86\u89e3\uff0c\u4e00\u65e6\u958b\u59cb coding\uff0c\u4e00\u5207\u90fd\u6703\u8b8a\u5316\uff0c\u4e0d\u9700\u8981\u628a\u6642\u9593\u6d6a\u8cbb\u5728\u8a73\u76e1\u7684\u8a2d\u8a08\u3002"", ""start_index"": 3604, ""end_index"": 3675}]",data/agile.txt
如何通過程式本身有效地傳達意圖？,"[{""content"": ""Program Intently and Expressively (\u5beb\u6e05\u695a\u4e86\u89e3\u7684\u7a0b\u5f0f)\n\u53b2\u5bb3\u7684\u7a0b\u5f0f\u662f\u6c92\u6709\u4eba\u53ef\u4ee5\u770b\u61c2\u7684\u7a0b\u5f0f\uff1f\u7a0b\u5f0f\u7684\u53ef\u95b1\u8b80\u6027\u6bd4\u5beb\u5f97\u65b9\u4fbf\u9084\u91cd\u8981\uff0c\u5beb\u53ea\u6703\u5beb\u4e00\u904d\uff0c\u770b\u537b\u6703\u770b\u5f88\u591a\u6b21\u3002\u5f88\u591a\u6642\u5019\u6703\u6709\u6a5f\u6703\u8981\u4fee Bugs \u6216\u662f\u65b0\u589e\u529f\u80fd\uff0c\u9019\u6642\u641e\u61c2\u672c\u4f86\u7684\u7a0b\u5f0f\u5e38\u5e38\u662f\u4e00\u958b\u59cb\u6700\u56f0\u96e3\u7684\u5730\u65b9\uff0c\u5982\u679c\u4e00\u958b\u59cb\u5beb\u7684\u4eba\u5c31\u4ee5\u53ef\u8b80\u6027\u70ba\u91cd\u8981\u76ee\u6a19\uff0c\u90a3\u4f60\u5c31\u6703\u8f15\u9b06\u7684\u591a\u3002"", ""start_index"": 9852, ""end_index"": 10018}, {""content"": ""\u900f\u904e\u7a0b\u5f0f\u8a9e\u8a00\u672c\u8eab\u7684\u7279\u8272\u53ef\u4ee5\u5beb\u51fa\u66f4\u6709\u8868\u9054\u529b\u7684\u7a0b\u5f0f\uff0c\u51fd\u6578\u540d\u7a31\u61c9\u8a72\u50b3\u9054\u51fa\u610f\u5716\u3001\u53c3\u6578\u540d\u7a31\u61c9\u8a72\u8868\u9054\u51fa\u4ed6\u5011\u7684\u7528\u9014\uff0c\u5beb\u51fa\u597d\u95b1\u8b80\u7684\u7a0b\u5f0f\u6211\u5011\u53ef\u4ee5\u907f\u514d\u5f88\u591a\u4e0d\u5fc5\u8981\u7684\u8a3b\u89e3\u8ddf\u8aaa\u660e\u6587\u4ef6\u3002"", ""start_index"": 10200, ""end_index"": 10279}, {""content"": ""Communicate in Code (\u5beb\u51fa\u53ef\u4ee5\u95b1\u8b80\u7684\u7a0b\u5f0f)\n\u6211\u5011\u90fd\u8a0e\u53ad\u5beb\u6587\u4ef6\u7684\u4e00\u5927\u7406\u7531\u662f\uff1a\u6240\u8b02\u7684\u6587\u4ef6\u8ddf\u7a0b\u5f0f\u78bc\u5e38\u662f\u5206\u958b\u7684\u5169\u78bc\u5b50\u4e8b\uff0c\u56e0\u6b64\u5f88\u96e3\u8b93\u6587\u4ef6\u8ddf\u7684\u4e0a\u7a0b\u5f0f\u7684\u66f4\u65b0\uff0c\u6700\u7d42\u8b8a\u5f97\u96e3\u4ee5\u7dad\u8b77\u3002\u56e0\u6b64\u6700\u597d\u7684\u5beb\u6587\u4ef6\u65b9\u5f0f\uff0c\u5c31\u662f\u900f\u904e\u7a0b\u5f0f\u672c\u8eab\u548c\u7a0b\u5f0f\u4e2d\u7684\u8a3b\u89e3\u3002"", ""start_index"": 10338, ""end_index"": 10456}, {""content"": ""\u8a3b\u89e3\u662f\u7528\u4f86\u5beb\u76ee\u7684\u3001\u9650\u5236\u689d\u4ef6\u8ddf\u9810\u671f\u7d50\u679c\u7b49\uff0c\u800c\u4e0d\u662f\u5beb\u51fa\u4ee5\u4e0b\u9019\u4e9b\u7a0b\u5f0f\u4e00\u884c\u884c\u6703\u505a\u4e9b\u4ec0\u9ebc(\u8acb\u4e0d\u8981\u62ff\u8a3b\u89e3\u518d\u5beb\u4e00\u6b21\u7a0b\u5f0f\u78bc\u5728\u5beb\u7684\u4e8b\u60c5)\u3002"", ""start_index"": 10458, ""end_index"": 10518}]",data/agile.txt
中共中央政治局會議對中國經濟政策有何看法？,"[{""content"": ""\u4e2d\u570b\u65bc7/30\u53ec\u958b\u4e2d\u5171\u4e2d\u592e\u653f\u6cbb\u5c40\u6703\u8b70\uff0c\u5167\u5bb9\u91cd\u9ede\u6574\u7406\u5982\u4e0b\u8868\u6240\u793a\uff0c\u4e3b\u8981\u653f\u7b56\u57fa\u8abf\u666e\u904d\u5ef6\u7e8c4\u6708\u6703\u8b70\u7684\u53e3\u5f91\uff0c\u5c07\u6301\u7e8c\u63a1\u53d6\u6eab\u548c\u523a\u6fc0\u7684\u5b8f\u89c0\u653f\u7b56\u3002\u5728\u8fd1\u671f\u7d93\u6fdf\u8a55\u6790\u65b9\u9762\uff0c\u76f8\u8f03\u65bc4\u6708\u7684\u653f\u6cbb\u5c40\u6703\u8b70\u63d0\u53ca\u7d93\u6fdf\u5be6\u73fe\u826f\u597d\u958b\u5c40\uff0c\u653f\u7b56\u5236\u5b9a\u8005\u672c\u6b21\u5c0d\u65bc\u7d93\u6fdf\u8ad6\u8ff0\u8f49\u8da8\u8b39\u614e\uff0c\u63d0\u5230\u7576\u524d\u5916\u90e8\u74b0\u5883\u8b8a\u5316\u5e36\u4f86\u7684\u4e0d\u5229\u5f71\u97ff\u589e\u591a\uff0c\u4ee5\u53ca\u65b0\u820a\u52d5\u80fd\u8f49\u63db\u5b58\u5728\u93ae\u75db\u7b49\uff0c\u53cd\u6620\u4e86\u4e2d\u570b\u516c\u5e03\u7b2c\u4e8c\u5b63GDP\u6210\u9577\u7387\u5f9e\u7b2c\u4e00\u5b63\u76845.3\u4e0b\u964d\u81f34.7%\uff0c\u8dcc\u7834\u300c\u5169\u6703\u300d\u5c0d\u65bc\u4e2d\u570b\u4eca\u5e74\u7d93\u6fdf\u7684\u6210\u9577\u9810\u671f\u76ee\u6a195%\u5de6\u53f3\u5f8c\uff0c\u653f\u5e9c\u4e5f\u6709\u56e0\u6b64\u611f\u5230\u64d4\u6182\u3002"", ""start_index"": 6638, ""end_index"": 6856}, {""content"": ""\u5728\u6574\u9ad4\u5b8f\u89c0\u653f\u7b56\u8ad6\u8ff0\u65b9\u9762\uff0c\u6703\u8b70\u5167\u5bb9\u6307\u51fa\u653f\u5e9c\u5c07\u5805\u5b9a\u4e0d\u79fb\u5b8c\u6210\u5168\u5e74\u7d93\u6fdf\u793e\u6703\u767c\u5c55\u76ee\u6a19\uff0c\u76f8\u8f03\u65bc4\u6708\u6703\u8b70\u4e0d\u540c\u7684\u662f\uff0c\u5f37\u8abf\u5b8f\u89c0\u653f\u7b56\u8981\u6301\u7e8c\u7528\u529b\u3001\u66f4\u52a0\u7d66\u529b\uff0c\u4e26\u8981\u6c42\u52a0\u5feb\u5168\u9762\u843d\u5be6\u5df2\u78ba\u5b9a\u7684\u653f\u7b56\u8209\u63aa\u4ee5\u53ca\u9069\u6642\u63a8\u51fa\u4e00\u6279\u589e\u91cf\u653f\u7b56\u8209\u63aa\uff1b\u547c\u61c9\u8ca1\u653f\u653f\u7b56\u65b9\u9762\u7684\u8ad6\u8ff0\uff0c\u8981\u52a0\u5feb\u5c08\u9805\u50b5\u767c\u884c\u4f7f\u7528\u9032\u5ea6\uff0c\u7528\u597d\u8d85\u9577\u671f\u7279\u5225\u570b\u50b5\u3002"", ""start_index"": 6895, ""end_index"": 7029}, {""content"": ""\u7d9c\u4e0a\uff0c\u672c\u6b21\u4e2d\u5171\u4e2d\u592e\u653f\u6cbb\u5c40\u6703\u8b70\u4e3b\u57fa\u8abf\u70ba\u52a0\u5f37\u4fc3\u9032\u7d93\u6fdf\u589e\u9577\u70ba\u9054\u6210\u4eca\u5e74\u7684\u7d93\u6fdf\u6210\u9577\u76ee\u6a19\uff0c\u4e3b\u8981\u5b8f\u89c0\u653f\u7b56\u5728\u5be6\u65bd\u7a4d\u6975\u7684\u8ca1\u653f\u653f\u7b56\u548c\u7a69\u5065\u7684\u8ca8\u5e63\u653f\u7b56\uff0c\u4e26\u805a\u7126\u63d0\u632f\u570b\u5167\u6d88\u8cbb\u9700\u6c42\uff0c\u5c0d\u65bc\u623f\u5730\u7522\u5e02\u5834\u4ecd\u4ee5\u5e73\u7a69\u767c\u5c55\u70ba\u8a34\u6c42\uff1b\u4f46\u6211\u5011\u8a8d\u70ba\u77ed\u671f\u800c\u8a00\uff0c\u4e2d\u570b\u623f\u5730\u7522\u5e02\u6cc1\u75b2\u5f31\u4e0b\uff0c\u5c0d\u65bc\u6c11\u773e\u7684\u8ca1\u5bcc\u6548\u679c\u8ca0\u9762\u58d3\u529b\u8f03\u5927\uff0c\u4e5f\u6703\u6301\u7e8c\u5f71\u97ff\u6d88\u8cbb\u4fe1\u5fc3\uff0c\u6545\u9810\u671f\u4e2d\u570b\u4eca\u5e74\u8981\u9054\u52305%\u4ee5\u4e0a\u7684\u7d93\u6fdf\u6210\u9577\u76ee\u6a19\u4ecd\u5177\u6709\u96e3\u5ea6\u3002"", ""start_index"": 7818, ""end_index"": 7986}]",data/finance.txt
日銀本次會議中有那些重要政策變動？,"[{""content"": ""\u4e0a\u9031BoJ \u610f\u5916\u5347\u606f15bp \u4e26\u5ba3\u5e03\u5c07\u6bcf\u6708\u8cfc\u50b5\u898f\u6a21\u5f9e6 \u5146\u7e2e\u6e1b\u52302.9 \u5146\u4e4b\u8a08\u756b\uff0c\u9810\u6599\u65e5\u5713\u77ed\u7dda\u504f\u5347\u8da8\u52e2\u96e3\u64cb\uff1b\u4e2d\u9577\u671f\u800c\u8a00\uff0c\u7dca\u7e2e\u653f\u7b56\u642d\u914d\u806f\u6e96\u6703\u964d\u606f\uff0c\u65e5\u5713\u9010\u5b63\u56de\u5347\u53ef\u80fd\u6027\u4ecd\u5927\uff1b\u800c\u65e5\u50b5\u6b96\u5229\u7387\u77ed\u7dda\u4e0a\u5728\u672c\u6b21\u6703\u5f8c\u8d70\u63da\uff0c\u9577\u7dda\u5247\u5c07\u5728\u65e5\u9280\u7ba1\u63a7\u5e02\u5834\u9810\u671f\u8207\u672a\u4f86\u5177\u5347\u606f\u53ef\u80fd\u6027\u7b49\u591a\u7a7a\u56e0\u7d20\u5f71\u97ff\u4e0b\uff0c\u5c07\u5448\u9ad8\u6a94\u9707\u76ea\u3002"", ""start_index"": 434, ""end_index"": 573}, {""content"": ""\u8003\u91cf\u901a\u81a8\u7dad\u6301\u76f8\u5c0d\u9ad8\u6a94\u3001\u4f01\u696d\u52a0\u85aa\u5e45\u5ea6\u5275\u65b0\u9ad8\u8207\u7a69\u5b9a\u65e5\u5713\u532f\u50f9\uff0c\u65e5\u9280\u518d\u5ea6\u796d\u51fa\u7dca\u7e2e\u653f\u7b56\u3002"", ""start_index"": 1957, ""end_index"": 1996}, {""content"": ""\u65e5\u9280\u8abf\u67e5\u5831\u544a\u4e5f\u6307\u51fa\uff0c\u52a0\u85aa\u98a8\u6f6e\u5df2\u9010\u6b65\u64f4\u6563\u81f3\u4e2d\u5c0f\u4f01\u696d\uff0c\u9054\u6210\u85aa\u8cc7-\u901a\u81a8\u6b63\u5faa\u74b0\u73fe\u8c61\uff0c\u9019\u5c07\u4ee4\u5df2\u8655\u65bc\u76f8\u5c0d\u9ad8\u6a94\u7684\u6574\u9ad4CPI (Q1:2.5%\u2192Q2:2.7%)\u8207\u6838\u5fc3CPI (Q1\u8207Q2\u57472.5%)\u5e74\u589e\u7387\u4e0b\u534a\u5e74\u96e3\u6709\u5927\u5e45\u4e0b\u8dcc\u60c5\u6cc1\u3002"", ""start_index"": 2072, ""end_index"": 2178}]",data/finance.txt
菲律賓7月份CPI年增率的預測值為何？,"[{""content"": ""\u83f2\u5f8b\u8cd3\u5c07\u516c\u5e037\u6708\u4efdCPI\u5e74\u589e\u7387\uff0c\u6211\u5011\u53c3\u8003\u672c\u9031\u83f2\u5f8b\u8cd3\u592e\u884c(BSP)\u5c0d7\u6708\u4efd\u7684\u901a\u8ca8\u901a\u81a8\u5e74\u589e\u7387\u7684\u9810\u6e2c\u503c\u662f\u4ecb\u65bc4%~4.8%\u4e4b\u9593\uff0c\u6240\u6301\u7684\u7406\u7531\u662f\u66f4\u9ad8\u7684\u96fb\u50f9\u4ee5\u53ca\u852c\u83dc\u3001\u8089\u985e\u548c\u6c34\u679c\u7b49\u8fb2\u7522\u54c1\u7684\u50f9\u683c\u4e0a\u6f32\uff0c\u9019\u4e0d\u50c5\u9ad8\u65bc6\u6708\u4efd\u5be6\u969b\u901a\u81a83.7%\u3001\u4e5f\u8d85\u904e\u83f2\u5f8b\u8cd3\u592e\u884c\u901a\u81a8\u76ee\u6a19\u5340\u9593\u76842%~4%\u3002"", ""start_index"": 5182, ""end_index"": 5312}]",data/finance.txt
今年馬來西亞央行的貨幣政策及其影響是什麼？,"[{""content"": ""\u53e6\u5916\uff0c\u5728\u99ac\u4f86\u897f\u4e9e\u592e\u884c\u7684\u8ca8\u5e63\u653f\u7b56\u65b9\u9762\uff0c10\u5e74\u671f\u7f8e\u50b5\u8207\u540c\u5929\u671f\u99ac\u4f86\u897f\u4e9e\u570b\u50b5\u6b96\u5229\u7387\u7684\u5229\u5dee\u8207\u99ac\u4f86\u5e63\u514c\u7f8e\u5143\u532f\u50f9\u57282022\u5e74\u8d77\u5169\u8005\u4e4b\u9023\u52d5\u6027\u9ad8\u90540.85\u4ee5\u4e0a\uff0c\u800c\u806f\u6e96\u6703\u8ddf\u99ac\u4f86\u897f\u4e9e\u592e\u884c\u5148\u5f8c\u65bc2022\u5e743\u6708\u4efd\u82075\u6708\u4efd\u958b\u555f\u5347\u606f\u5faa\u74b0\uff0c\u4e14Fed Funds Rate\u5728\u672c\u6b21\u5347\u606f\u5faa\u74b0\u4e2d\u7684\u983b\u7387\u8207\u5e45\u5ea6\u5747\u5927\u65bc\u99ac\u4f86\u897f\u4e9e\u653f\u7b56\u5229\u7387\uff0c\u6240\u4ee5\u9019\u4e5f\u53cd\u6620\u523010\u5e74\u671f\u7f8e\u50b5\u8207\u540c\u5929\u671f\u99ac\u4f86\u897f\u4e9e\u570b\u50b5\u7684\u6b96\u5229\u7387\u5229\u5dee\u7531\u8ca0\u503c\u7ffb\u70ba\u6b63\u503c\u81f3\u4eca(\u4e0b\u5716\u4e2d)\u3002\u60df\u5169\u8005\u768410\u5e74\u671f\u6b96\u5229\u7387\u4e4b\u6b63\u5229\u5dee\u5728\u4eca\u5e74\u7b2c\u4e8c\u5b63\u8d77\u5df2\u898b\u9ad8\u56de\u843d\uff0c\u4e5f\u662f\u99ac\u4f86\u5e63\u532f\u50f9\u9019\u6ce2\u8f49\u5f37\u7684\u4e3b\u56e0\u4e4b\u4e00\u3002"", ""start_index"": 4389, ""end_index"": 4623}, {""content"": ""\u6709\u9451\u65bc\u5e02\u5834\u5c0d\u806f\u6e96\u6703\u4eca\u5e74\u964d\u606f\u9810\u671f\u6f38\u6f38\u6210\u5f62\uff1b\u53cd\u89c0\uff0c\u53c3\u8003\u99ac\u4f86\u897f\u4e9e\u901a\u81a8\u7684\u76f8\u95dc\u6578\u64da\uff0c\u6700\u65b06\u6708\u4efdCPI\u5e74\u589e\u7387\u70ba2%\uff0c\u5e7e\u4e4e\u8207\u6838\u5fc3CPI\u5e74\u589e\u7387\u76841.9%\u4e00\u81f4\uff1b\u5373\u4f7f\u653f\u5e9c\u57286\u6708\u4efd\u5148\u53d6\u6d88\u4e86\u5c0d\u897f\u99ac\u534a\u5cf6\u7684\u67f4\u6cb9\u88dc\u8cbc\uff0c\u4f46\u6211\u5011\u7814\u5224\u99ac\u4f86\u897f\u4e9e\u592e\u884c\u4e0b\u534a\u5e74\u4ecd\u6709\u6642\u9593\u4f86\u89c0\u5bdf\u88dc\u8cbc\u653f\u7b56\u5408\u7406\u5316\u5c0d\u65bc\u5f8c\u7e8c\u901a\u81a8\u4e4b\u767c\u5c55\uff0c\u6240\u4ee5\u653f\u7b56\u5229\u7387\u57283%\u4e0d\u8b8a\u662f\u5927\u6982\u7387\u4e8b\u4ef6\u3002\u7d9c\u4e0a\uff0c10\u5e74\u671f\u7f8e\u50b5\u8207\u99ac\u4f86\u897f\u4e9e\u570b\u50b5\u6b96\u5229\u7387\u7684\u6b63\u5229\u5dee\u5b58\u5728\u518d\u7e2e\u7a84\u7684\u6a5f\u7387\uff1b\u4f34\u96a8\u7576\u524d\u99ac\u4f86\u897f\u4e9e\u51fa\u53e3\u5e74\u589e\u7387\u61c9\u5df2\u63ee\u5225\u9023\u7e8c\u8ca0\u589e\u9577\u7684\u6642\u671f(\u4e0b\u5716\u53f3)\uff0c\u7d93\u6fdf\u589e\u9577\u66f4\u8da8\u5747\u8861\uff0c\u9019\u5c07\u6709\u5229\u652f\u6490\u99ac\u4f86\u5e63\u5728\u4e2d\u671f\u7684\u532f\u50f9\uff0c\u56e0\u6b64\u9810\u6599\u99ac\u4f86\u5e63\u514c\u7f8e\u5143\u4e0b\u534a\u5e74\u9707\u76ea\u504f\u5347\u7684\u53ef\u80fd\u6027\u9ad8\u3002"", ""start_index"": 4626, ""end_index"": 4887}]",data/finance.txt
7月份美國非農就業報告的結果是什麼？,"[{""content"": ""\u5118\u7ba1\u7f8e7 \u6708\u65b0\u589e\u975e\u8fb2\u5c31\u696d\u4eba\u6578\u75316 \u6708\u4e0b\u4fee\u5f8c\u768417.9 \u842c\u4eba\u6e1b\u5c11\u81f311.4 \u842c\u4eba\uff0c\u5931\u696d\u7387\u4ea6\u75314.1%\u4e0a\u5347\u81f34.3%\uff0c\u4f46\u7531\u65bc\u6d88\u8cbb\u751f\u7522\u7b49\u6578\u64da\u4ecd\u672a\u986f\u793a\u7f8e\u570b\u7d93\u6fdf\u6709\u6025\u907d\u8f49\u5f31\u98a8\u96aa\uff1b\u7814\u52248 \u6708\u4efd\u7f8e\u975e\u8fb2\u5c31\u696d\u65b0\u589e\u4eba\u6578\u4ecd\u572810 \u842c\u4eba\u4e0a\u65b9\uff0c\u4e0d\u81f3\u65bc\u9677\u5165\u8870\u9000\u8b66\u6212\u5340\u3002"", ""start_index"": 271, ""end_index"": 390}, {""content"": ""7\u6708\u975e\u8fb2\u5c31\u696d\u5831\u544a\u9060\u905c\u65bc\u5e02\u5834\u9810\u671f\uff0c\u806f\u6e96\u6703\u53ef\u80fd\u5c07\u52a0\u901f\u964d\u606f\u6b65\u4f10\uff0c\u529b\u6c42\u5be6\u73fe\u7d93\u6fdf\u8edf\u8457\u9678\u3002"", ""start_index"": 599, ""end_index"": 638}, {""content"": ""\u7e3d\u7d50\u4f86\u8aaa\uff0c\u96d6\u7136\u76ee\u524dPCE\u901a\u81a8\u4ecd\u9ad8\u65bc2%\u7684\u76ee\u6a19\uff0c\u4f46\u5df2\u75312022\u5e74\u6700\u9ad8\u76847.1%\u5927\u5e45\u4e0b\u6ed1\u81f36\u6708\u76842.5%\uff0c\u4e147\u6708\u5931\u696d\u7387\u75314.1%\u610f\u5916\u4e0a\u5347\u81f34.3%\uff1b3\u500b\u6708\u5e73\u5747\u5931\u696d\u7387\u8f03\u904e\u53bb12\u500b\u6708\u4f4e\u9ede\u4e0a\u53470.53p.p.\uff0c\u89f8\u767c\u9810\u6e2c\u7d93\u6fdf\u8870\u9000\u7684Sahm rule\u8b66\u6212\u7dda(\u53f3\u57164)\u3002"", ""start_index"": 1485, ""end_index"": 1612}]",data/finance.txt
臺灣近期的通膨狀況如何受到食物類價格影響？,"[{""content"": ""\u98b1\u98a8\u4fb5\u8972\u4f7f\u852c\u679c\u50f9\u683c\u4e0a\u6f32\uff0c\u98df\u7269\u985e\u50f9\u683c\u6050\u5f15\u5c0eCPI\u5e74\u589e\u7387\u56de\u5f48\u3002"", ""start_index"": 5896, ""end_index"": 5925}, {""content"": ""\u81fa\u7063\u7684\u901a\u81a8\u662f\u5426\u80fd\u964d\u6eab\u4e00\u76f4\u662f\u4eca\u5e74\u4ee5\u4f86\u5404\u754c\u5341\u5206\u95dc\u6ce8\u7684\u8b70\u984c\uff0c\u7279\u5225\u662f\u592e\u884c\u65bc3\u6708\u610f\u5916\u5347\u606f\uff0c\u5c31\u662f\u70ba\u4e86\u6291\u5236\u901a\u81a8\u9810\u671f\uff1b\u5373\u4fbf4\u6708CPI\u5e74\u589e\u7387\u66fe\u77ed\u66ab\u964d\u81f32%\u4ee5\u4e0b\uff0c\u4f465\u6708\u548c6\u6708\u7684\u901a\u81a8\u6578\u64da\u5373\u56de\u5347\u81f32%\u4ee5\u4e0a\uff0c\u914d\u54084\u6708\u96fb\u50f9\u4e0a\u6f32\u3001\u623f\u50f9\u53ca\u80a1\u5e02\u9ad8\u6f32\uff0c\u4ee5\u53ca\u8fd1\u671f\u906d\u9022\u98b1\u98a8\u8972\u64ca\u7b49\uff0c\u66f4\u8b93\u901a\u81a8\u9810\u671f\u518d\u5ea6\u6b7b\u7070\u5fa9\u71c3\u3002"", ""start_index"": 5928, ""end_index"": 6061}, {""content"": ""\u56de\u9867\u8fd12\u500b\u6708\u516c\u5e03\u7684\u6578\u64da\uff0c\u98df\u7269\u985e\u50f9\u683c\u5e74\u589e\u7387\u7686\u57283%\u4ee5\u4e0a\uff0c6\u6708\u751a\u81f3\u9ad8\u90544.2%\uff0c\u91ab\u7642\u4fdd\u5065\u985e\u50f9\u683c\u66f4\u662f\u6301\u7e8c\u4eca\u5e74\u4ee5\u4f863%\u4ee5\u4e0a\u7684\u5e74\u589e\u7387\uff0c\u5c45\u4f4f\u985e\u53ca\u96dc\u9805\u985e\u8fd13\u500b\u6708\u4e5f\u90fd\u7dad\u63012%\u4ee5\u4e0a\u7684\u6f32\u52e2\u3002"", ""start_index"": 6064, ""end_index"": 6149}, {""content"": ""\u5176\u4e2d\u6b0a\u91cd\u4f54\u6bd4\u6700\u5927(\u7d0427%)\u7684\u98df\u7269\u985e\u50f9\u683c\u53d7\u5230\u96fb\u50f9\u4e0a\u6f32\u5c0d\u5916\u98df\u8cbb\u5e36\u4f86\u4e4b\u9593\u63a5\u5f71\u97ff\u53ca\u9010\u6b65\u964d\u4f4e\u4e4b\u57fa\u671f\u9a45\u52d5\uff0c\u8fd13\u500b\u6708\u6f32\u5e45\u660e\u986f\uff0c\u8fd1\u671f\u66f4\u7531\u65bc7\u6708\u5e95\u98b1\u98a8\u4fb5\u8972\uff0c7\u6708\u852c\u83dc\u53ca\u6c34\u679c\u50f9\u683c\u5206\u5225\u4e0a\u6f3224%\u53ca10%\u3002"", ""start_index"": 6149, ""end_index"": 6240}, {""content"": ""\u5c55\u671b7\u6708\u98df\u7269\u985e\u50f9\u683c\uff0c\u53d7\u6574\u9ad4\u57fa\u671f\u4ecd\u4f4e\uff0c\u52a0\u4ee5\u852c\u679c\u50f9\u683c\u660e\u986f\u4e0a\u6f32\uff0c\u751a\u81f3\u53ef\u80fd\u8f49\u5ac1\u81f3\u5916\u98df\u8cbb\uff0c\u6574\u9ad4\u98df\u7269\u985e\u50f9\u683c\u5e74\u589e\u7387\u53ef\u80fd\u5c07\u8fd15%\u3002"", ""start_index"": 6240, ""end_index"": 6297}]",data/finance.txt
本週聯準會如何影響金融市場？,"[{""content"": ""\u672c\u9031\u806f\u6e96\u6703\u5b98\u54e1\u8ac7\u8a71\u5c0d\u91d1\u878d\u5e02\u5834\u7684\u5f71\u97ff\u4e0d\u5bb9\u5c0f\u89b7"", ""start_index"": 3251, ""end_index"": 3272}, {""content"": ""\u95dc\u6ce8\u806f\u6e96\u6703\u5b98\u54e1\u5c0d\u52de\u52d5\u5e02\u5834\u53ca\u964d\u606f\u5e45\u5ea6\u7684\u770b\u6cd5\uff1b\u4e2d\u6771\u6230\u96f2\u5bc6\u5e03\u53ef\u80fd\u5f71\u97ff\u5e02\u5834\u98a8\u96aa\u504f\u597d\u3002"", ""start_index"": 3275, ""end_index"": 3313}, {""content"": ""\u5728\u672c\u9031\u91d1\u878d\u5e02\u5834\u65b9\u9762\uff0c\u4e0a\u9031\u516c\u5e03\u7684\u975e\u8fb2\u5c31\u696d\u5831\u544a\u9060\u905c\u65bc\u9810\u671f\uff0c\u5e02\u5834\u964d\u606f\u9810\u671f\u5927\u5e45\u5347\u6eab\uff0c\u5229\u7387\u671f\u8ca8\u9810\u4f30\u5e74\u5e95\u524d\u964d\u606f\u5e45\u5ea6\u8df3\u5347\u81f3\u63a5\u8fd15\u78bc\u3002\u672c\u9031\u5e7e\u4f4d\u806f\u6e96\u6703\u5b98\u54e1\u5c07\u767c\u8868\u8ac7\u8a71\uff0c\u5e02\u5834\u5c07\u95dc\u6ce8\u5b98\u54e1\u5c0d\u52de\u52d5\u5e02\u5834\u53ca\u964d\u606f\u5e45\u5ea6\u7684\u770b\u6cd5\u3002\u6b64\u5916\uff0c\u672c\u9031\u7f8e\u570b\u8ca1\u653f\u90e8\u5c07\u6a19\u552e1,250\u5104\u7f8e\u5143\u76843\u5e74\u671f\u300110\u5e74\u671f\u53ca30\u5e74\u671f\u516c\u50b5\uff0c\u964d\u606f\u9810\u671f\u5c07\u63a8\u5347\u6a19\u552e\u9700\u6c42\uff0c\u56e0\u6b64\u7f8e\u50b5\u6b96\u5229\u7387\u4ecd\u504f\u8dcc\u770b\u5f85\uff1b\u7f8e\u5143\u6307\u6578\u53d7\u5229\u5dee\u56e0\u7d20\u5f71\u97ff\uff0c\u53ef\u80fd\u7e8c\u8dcc\u3002"", ""start_index"": 3565, ""end_index"": 3740}]",data/finance.txt
馬來幣自2023年2月以來的匯價走勢有什麼變化及原因？,"[{""content"": ""\u4eca\u5e74\u622a\u81f37/31\u6b62\uff0c\u4e3b\u8981\u4e9e\u6d32\u8ca8\u5e63\u514c\u7f8e\u5143\u532f\u50f9\u5e7e\u4e4e\u90fd\u5448\u73fe\u8cb6\u503c(\u53f3\u5716\u4e0a)\uff1b\u50c5\u99ac\u4f86\u5e63\u532f\u50f9\u8868\u73fe\u7a69\u5065\u3002"", ""start_index"": 3867, ""end_index"": 3912}, {""content"": ""\u6211\u5011\u56de\u9867\u99ac\u4f86\u5e63\u532f\u50f9\u81ea2023\u5e742\u6708\u4efd\u958b\u555f\u4e86\u4e0b\u8dcc\u8da8\u52e2\uff0c\u4e00\u5ea6\u57282024/2/20\u903c\u8fd14.80\u7684\u6c34\u6e96\uff0c\u527598\u5e74\u4e9e\u6d32\u91d1\u878d\u98a8\u66b4\u4ee5\u4f86\u65b0\u4f4e\uff0c\u9019\u8207\u99ac\u4f86\u897f\u4e9e\u51fa\u53e3\u90e8\u9580\u5f7c\u6642\u75b2\u5f31\u3001\u4ee5\u53ca\u7b2c\u4e00\u5b63FDI\u6de8\u6d41\u5165\u610f\u5916\u504f\u4f4e\u7b49\u5229\u7a7a\u76f8\u95dc\uff0c\u60df\u76ee\u524d\u56de\u5347\u81f34.50\u9644\u8fd1\u3002"", ""start_index"": 3985, ""end_index"": 4097}, {""content"": ""\u503c\u5f97\u7559\u610f\u7684\u662f\uff0c\u904e\u5f80\u99ac\u4f86\u5e63\u8207\u4eba\u6c11\u5e63\u5169\u8005\u52d5\u5411\u6709\u986f\u8457\u6b63\u76f8\u95dc\uff0c\u4f46\u4eca\u5e74\u4eba\u6c11\u5e63\u514c\u7f8e\u5143\u532f\u50f9\u7684\u8d70\u52e2\u591a\u6578\u6642\u9593\u5448\u7de9\u8cb6\u884c\u60c5\u3001\u76f4\u52307\u6708\u4e2d\u4e0b\u65ec\u624d\u51fa\u73fe\u6b62\u8cb6\u7684\u8de1\u8c61(\u53f3\u5716\u4e0b)\uff0c\u4f3c\u4e4e\u66ab\u6642\u8207\u99ac\u4f86\u5e63\u532f\u50f9\u812b\u9264\uff1b\u800c\u6211\u5011\u8a8d\u70ba\u4e3b\u8981\u652f\u6301\u99ac\u4f86\u5e63\u7684\u4e3b\u8981\u5229\u591a\u662f\u4f86\u81ea\u99ac\u4f86\u897f\u4e9e\u592e\u884c\u4e4b\u5916\u532f\u653f\u7b56\u8207\u8ca8\u5e63\u653f\u7b56\u3002"", ""start_index"": 4100, ""end_index"": 4222}]",data/finance.txt
7月份臺灣的進出口年增率預測為何？,"[{""content"": ""\u672c\u9031\u4e5f\u5c07\u516c\u5e037\u6708\u9032\u51fa\u53e3\u6578\u64da\uff0c\u6839\u64da\u5ee0\u5546\u770b\u6cd5\u53ca\u5404\u5927\u4f01\u696d\u6cd5\u8aaa\u6703\u5c55\u671b\uff0c\u51fa\u53e3\u90e8\u4efd\u53d7\u6d88\u8cbb\u6027\u96fb\u5b50\u75b2\u5f31\u3001\u8eca\u7528\u5c55\u671b\u4e0d\u4f73\u7b49\u5f71\u97ff\uff0c\u8868\u73fe\u53ef\u80fd\u7565\u905c\u65bc\u539f\u5148\u5e02\u5834\u9810\u671f\uff0c\u82e5\u4ee5\u7d93\u6fdf\u90e86\u6708\u6642\u7684\u9810\u4f30\u503c\u4f4e\u6a19\u4f30\u7b97\uff0c\u51fa\u53e3\u5e74\u589e\u7387\u5c07\u843d\u57283.3%\u9644\u8fd1\uff1b"", ""start_index"": 6457, ""end_index"": 6557}, {""content"": ""\u9032\u53e3\u65b9\u9762\u5247\u53d7\u60e0\u57fa\u671f\u8f03\u4f4e\uff0c\u52a0\u4e0a\u6295\u8cc7\u56de\u6eab\u63a8\u5347\u9032\u53e3\u9700\u6c42\uff0c\u5e74\u589e\u7387\u61c9\u6709\u8fd120%\u6c34\u6e96\u3002"", ""start_index"": 6557, ""end_index"": 6594}]",data/finance.txt
美聯準會的官員對降息的看法是什麼？,"[{""content"": ""\u672c\u9031\u806f\u6e96\u6703\u5b98\u54e1\u8ac7\u8a71\u5c0d\u91d1\u878d\u5e02\u5834\u7684\u5f71\u97ff\u4e0d\u5bb9\u5c0f\u89b7\n\u26ab\n\u95dc\u6ce8\u806f\u6e96\u6703\u5b98\u54e1\u5c0d\u52de\u52d5\u5e02\u5834\u53ca\u964d\u606f\u5e45\u5ea6\u7684\u770b\u6cd5\uff1b\u4e2d\u6771\u6230\u96f2\u5bc6\u5e03\u53ef\u80fd\u5f71\u97ff\u5e02\u5834\u98a8\u96aa\u504f\u597d\u3002"", ""start_index"": 3251, ""end_index"": 3313}, {""content"": ""\u672c\u9031\u5e7e\u4f4d\u806f\u6e96\u6703\u5b98\u54e1\u5c07\u767c\u8868\u8ac7\u8a71\uff0c\u5e02\u5834\u5c07\u95dc\u6ce8\u5b98\u54e1\u5c0d\u52de\u52d5\u5e02\u5834\u53ca\u964d\u606f\u5e45\u5ea6\u7684\u770b\u6cd5\u3002"", ""start_index"": 3624, ""end_index"": 3660}]",data/finance.txt
美中貿易戰對2019年美國經濟有何影響？,"[{""content"": ""2019\u5e74\u5728\u5931\u696d\u73873.6%\u7684\u60c5\u6cc1\u4e0b\uff0c\u806f\u6e96\u6703\u81ea7\u6708\u8d77\u9023\u7e8c\u4e09\u6b21\u6703\u8b70\u9032\u884c\u6240\u8b02\u7684\u300c\u9810\u9632\u6027\u964d\u606f\u300d\uff0c\u907f\u514d\u7d93\u6fdf\u53d7\u7f8e\u4e2d\u8cbf\u6613\u6230\u5f71\u97ff\u800c\u8d70\u5f31\u3002"", ""start_index"": 1747, ""end_index"": 1807}]",data/finance.txt
為何日銀在7月採取緊縮政策？,"[{""content"": ""\u8003\u91cf\u901a\u81a8\u7dad\u6301\u76f8\u5c0d\u9ad8\u6a94\u3001\u4f01\u696d\u52a0\u85aa\u5e45\u5ea6\u5275\u65b0\u9ad8\u8207\u7a69\u5b9a\u65e5\u5713\u532f\u50f9\uff0c\u65e5\u9280\u518d\u5ea6\u796d\u51fa\u7dca\u7e2e\u653f\u7b56\u3002"", ""start_index"": 1957, ""end_index"": 1996}, {""content"": ""\u65e5\u9280\u8abf\u67e5\u5831\u544a\u4e5f\u6307\u51fa\uff0c\u52a0\u85aa\u98a8\u6f6e\u5df2\u9010\u6b65\u64f4\u6563\u81f3\u4e2d\u5c0f\u4f01\u696d\uff0c\u9054\u6210\u85aa\u8cc7-\u901a\u81a8\u6b63\u5faa\u74b0\u73fe\u8c61\uff0c\u9019\u5c07\u4ee4\u5df2\u8655\u65bc\u76f8\u5c0d\u9ad8\u6a94\u7684\u6574\u9ad4CPI (Q1:2.5%\u2192Q2:2.7%)\u8207\u6838\u5fc3CPI (Q1\u8207Q2\u57472.5%)\u5e74\u589e\u7387\u4e0b\u534a\u5e74\u96e3\u6709\u5927\u5e45\u4e0b\u8dcc\u60c5\u6cc1\u3002"", ""start_index"": 2072, ""end_index"": 2178}, {""content"": ""\u82e5\u65e5\u9280\u8fd1\u671f\u518d\u4e0d\u52a0\u5927\u7dca\u7e2e\u529b\u9053\uff0c\u65e5\u5713\u518d\u5ea6\u56de\u8cb6\u6050\u53c8\u5c07\u52a9\u6f32\u901a\u81a8\uff0c\u5f9e\u800c\u5c0e\u81f4\u9ad8\u901a\u81a8\u5c40\u9762\u66f4\u96e3\u6536\u62fe\u3002"", ""start_index"": 2183, ""end_index"": 2225}]",data/finance.txt
為什麼日圓近期大幅升值？,"[{""content"": ""\u4e0a\u9031BoJ \u610f\u5916\u5347\u606f15bp \u4e26\u5ba3\u5e03\u5c07\u6bcf\u6708\u8cfc\u50b5\u898f\u6a21\u5f9e6 \u5146\u7e2e\u6e1b\u52302.9 \u5146\u4e4b\u8a08\u756b\uff0c\u9810\u6599\u65e5\u5713\u77ed\u7dda\u504f\u5347\u8da8\u52e2\u96e3\u64cb\uff1b\u4e2d\u9577\u671f\u800c\u8a00\uff0c\u7dca\u7e2e\u653f\u7b56\u642d\u914d\u806f\u6e96\u6703\u964d\u606f\uff0c\u65e5\u5713\u9010\u5b63\u56de\u5347\u53ef\u80fd\u6027\u4ecd\u5927\uff1b\u800c\u65e5\u50b5\u6b96\u5229\u7387\u77ed\u7dda\u4e0a\u5728\u672c\u6b21\u6703\u5f8c\u8d70\u63da\uff0c\u9577\u7dda\u5247\u5c07\u5728\u65e5\u9280\u7ba1\u63a7\u5e02\u5834\u9810\u671f\u8207\u672a\u4f86\u5177\u5347\u606f\u53ef\u80fd\u6027\u7b49\u591a\u7a7a\u56e0\u7d20\u5f71\u97ff\u4e0b\uff0c\u5c07\u5448\u9ad8\u6a94\u9707\u76ea\u3002"", ""start_index"": 434, ""end_index"": 573}, {""content"": ""\u8003\u91cf\u901a\u81a8\u7dad\u6301\u76f8\u5c0d\u9ad8\u6a94\u3001\u4f01\u696d\u52a0\u85aa\u5e45\u5ea6\u5275\u65b0\u9ad8\u8207\u7a69\u5b9a\u65e5\u5713\u532f\u50f9\uff0c\u65e5\u9280\u518d\u5ea6\u796d\u51fa\u7dca\u7e2e\u653f\u7b56\u3002"", ""start_index"": 1957, ""end_index"": 1996}]",data/finance.txt
印度8月份可能降息的機會如何？,"[{""content"": ""\u57fa\u65bc\u852c\u83dc\u985e\u50f9\u683c\u7684\u8ca2\u737b\u5ea6\u4ecd\u7136\u504f\u9ad8\uff0cCPI\u5e74\u589e\u7387\u5f88\u96e3\u7a69\u5b9a\u57284%\u7684\u4e2d\u9577\u671f\u76ee\u6a19\u3002\u53e6\u5916\uff0c\u5370\u5ea6\u592e\u884c\u57286\u6708\u4efd\u6703\u8b70\u7684\u8072\u660e\u4e2d\u4ecd\u672a\u522a\u9664\u6211\u5011\u7684Checking Point:\u300c\u6301\u7e8c\u95dc\u6ce8\u9000\u51fa\u5bec\u9b06\u653f\u7b56\u7684\u6548\u679c\uff0c\u4ee5\u78ba\u4fdd\u901a\u81a8\u9010\u6b65\u8207\u76ee\u6a19\u4fdd\u6301\u4e00\u81f4\u300d\u7b49\u5b57\u53e5\uff0c\u4e14\u4f9d\u7167\u76ee\u524dOIS\u7684\u5e02\u5834\u5831\u50f9\uff0c\u5728\u5728\u96b1\u542b\u8457\u5370\u5ea6\u592e\u884c\u57288\u6708\u4efd\u964d\u606f\u7684\u6a5f\u7387\u4f4e\uff0c\u653f\u7b56\u5229\u7387\u7dad\u6301\u57286.5%\u4e0d\u8b8a\u662f\u6211\u5011\u7684\u57fa\u672c\u60c5\u5883\u3002"", ""start_index"": 5556, ""end_index"": 5721}]",data/finance.txt
印尼2023年第二季GDP年增率的預測是多少？,"[{""content"": ""\u5370\u5c3c\u5c07\u516c\u5e03\u7b2c\u4e8c\u5b63GDP\u5e74\u589e\u7387\uff0c\u6709\u9451\u65bc\u5370\u5c3c\u7e3d\u7d71\u5927\u9078\u5df2\u7d50\u675f\u3001\u4ee5\u53ca\u9f4b\u6212\u6708\u5047\u671f\u544a\u4e00\u6bb5\u843d\uff0c\u5c0e\u81f4\u63d0\u632f\u6c11\u9593\u6d88\u8cbb\u7684\u5229\u591a\u56e0\u7d20\u964d\u6eab\uff1b\u518d\u52a0\u4e0a\u5370\u5c3c\u76fe\u4eca\u5e74\u7684\u8cb6\u5e45\u986f\u8457\uff0c\u81f4\u5370\u5c3c\u653f\u7b56\u5229\u7387\u504f\u9ad8\uff0c\u90fd\u5c0d\u65bc\u6c11\u9593\u6d88\u8cbb\u7522\u751f\u58d3\u529b\uff0c\u6211\u5011\u8a8d\u70ba\u5370\u5c3c\u7b2c\u4e8c\u5b63GDP\u5e74\u589e\u7387\u6216\u6050\u53d7\u6c11\u9593\u6d88\u8cbb\u52d5\u80fd\u4e0b\u6ed1\u5f71\u97ff\u800c\u964d\u81f35%\u4ee5\u4e0b\u3002"", ""start_index"": 5051, ""end_index"": 5179}]",data/finance.txt
2021年聯準會如何看待通膨上升現象？,"[{""content"": ""2021\u4e0a\u534a\u5e74\uff0cPCE\u901a\u81a8\u5df2\u5347\u78344%\uff0c\u4f46\u806f\u6e96\u6703\u66f4\u91cd\u8996\u75ab\u60c5\u5f8c\u7d93\u6fdf\u5fa9\u7526\uff0c\u4ee5\u901a\u81a8\u4e0a\u5347\u50c5\u662f\u300c\u66ab\u6642\u6027\u300d\u73fe\u8c61\u70ba\u7531\uff0c\u5c07\u5347\u606f\u6642\u9593\u5ef6\u5f8c\u81f32022\u5e74\u521d\u3002"", ""start_index"": 1416, ""end_index"": 1482}]",data/finance.txt
聯準會在2020年8月調整了哪些貨幣政策框架？,"[{""content"": ""2019\u5e74\u806f\u6e96\u6703\u5ee3\u9080\u5404\u754c\u4eba\u58eb\u91dd\u5c0d\u8ca8\u5e63\u653f\u7b56\u6846\u67b6\u9032\u884c\u5168\u9762\u5be9\u67e5\uff0c\u4e3b\u5e2dPowell\u57282020\u5e748\u6708\u5168\u7403\u592e\u884c\u5e74\u6703\u5ba3\u5e03\u8abf\u6574\u901a\u81a8\u8207\u5c31\u696d\u76ee\u6a19: 1)\u901a\u81a8\u76ee\u6a19\uff1a\u5c07\u901a\u81a8\u76ee\u6a19\u7531\u300c\u9577\u671f\u7dad\u63012%\u300d\u6539\u70ba\u300c\u5728\u4e00\u6bb5\u6642\u671f\u5e73\u57472%\u300d\uff1b2)\u6700\u5927\u5316\u5c31\u696d\u4eba\u6578\uff1a\u4e0d\u518d\u7a4d\u6975\u5347\u606f\u58d3\u6291\u904e\u71b1\u7684\u52de\u52d5\u5e02\u5834\uff0c\u50c5\u5c08\u6ce8\u5c31\u696d\u4eba\u6578\u7684\u4e0b\u884c\u98a8\u96aa\u3002\u6b64\u5916\uff0cPowell\u4ea6\u63d0\u53ca\uff0c\u8abf\u6574\u76ee\u6a19\u4e3b\u56e0\u70ba\u91d1\u878d\u5371\u6a5f\u5f8c\u7d93\u6fdf\u7d50\u69cb\u51fa\u73fe\u8f49\u8b8a\uff0c\u539f\u56e0\u6709\u4e8c\uff1a1)\u4e2d\u6027\u5229\u7387\u4e0b\u6ed1\uff1a2008\u5e74\u5f8c\u4e2d\u6027\u5229\u7387\u5927\u5e45\u4e0b\u6ed1(\u53f3\u57161)\uff0c\u806f\u6e96\u6703\u5df2\u5c07\u653f\u7b56\u5229\u7387\u964d\u81f30.25%\uff0c\u901a\u81a8\u4ecd\u9577\u671f\u4f4e\u65bc2%\uff0c\u5b98\u54e1\u64d4\u5fc3\u5728\u4f4e\u5229\u7387\u74b0\u5883\u4e0b\uff0c\u82e5\u518d\u6b21\u906d\u9047\u7d93\u6fdf\u8870\u9000\uff0c\u5c07\u9650\u7e2e\u8ca8\u5e63\u653f\u7b56(\u5229\u7387)\u7684\u64cd\u4f5c\u7a7a\u9593\uff1b2)\u83f2\u5229\u6d66\u66f2\u7dda\u5e73\u5766\u5316\uff1a2017~19\u5e74\u9593\u5931\u696d\u7387\u964d\u81f3\u6b77\u53f2\u4f4e\u9ede\uff0c\u4f46\u901a\u81a8\u537b\u4ecd\u4f4e\u65bc2%(\u53f3\u57162)\u3002"", ""start_index"": 885, ""end_index"": 1202}]",data/finance.txt
馬來西亞今年第二季GDP年增率可能受到什麼因素影響？,"[{""content"": ""\u5370\u5c3c\u5c07\u516c\u5e03\u7b2c\u4e8c\u5b63GDP\u5e74\u589e\u7387\uff0c\u6709\u9451\u65bc\u5370\u5c3c\u7e3d\u7d71\u5927\u9078\u5df2\u7d50\u675f\u3001\u4ee5\u53ca\u9f4b\u6212\u6708\u5047\u671f\u544a\u4e00\u6bb5\u843d\uff0c\u5c0e\u81f4\u63d0\u632f\u6c11\u9593\u6d88\u8cbb\u7684\u5229\u591a\u56e0\u7d20\u964d\u6eab\uff1b\u518d\u52a0\u4e0a\u5370\u5c3c\u76fe\u4eca\u5e74\u7684\u8cb6\u5e45\u986f\u8457\uff0c\u81f4\u5370\u5c3c\u653f\u7b56\u5229\u7387\u504f\u9ad8\uff0c\u90fd\u5c0d\u65bc\u6c11\u9593\u6d88\u8cbb\u7522\u751f\u58d3\u529b\uff0c\u6211\u5011\u8a8d\u70ba\u5370\u5c3c\u7b2c\u4e8c\u5b63GDP\u5e74\u589e\u7387\u6216\u6050\u53d7\u6c11\u9593\u6d88\u8cbb\u52d5\u80fd\u4e0b\u6ed1\u5f71\u97ff\u800c\u964d\u81f35%\u4ee5\u4e0b\u3002"", ""start_index"": 5051, ""end_index"": 5179}]",data/finance.txt
日本央行縮減購債計畫的具體內容是什麼？,"[{""content"": ""\u4e5f\u56e0\u65e5\u9280\u65e9\u6709\u7e2e\u6e1b\u8cfc\u50b5\u7684\u60f3\u6cd5\uff0c\u6545\u9019\u6b21\u6703\u8b70\u516c\u5e03\u7e2e\u6e1b\u8cfc\u50b5\u8a08\u756b\u5c6c\u65bc\u9810\u671f\u4e4b\u5167\uff0c\u53ea\u662f\u516c\u5e03\u8f03\u70ba\u5177\u9ad4\u8a08\u756b\u4f9b\u5e02\u5834\u53c3\u8003\u3002\u672c\u6b21\u6c7a\u8b70\u539f\u5247\u4e0a\u50b5\u5238\u6536\u8cfc\u984d\u4ee5\u6bcf\u5b63\u6e1b\u5c114,000\u5104\u65e5\u5713\u901f\u5ea6\u9032\u884c\u7e2e\u6e1b(\u5982\u53f3\u5716)\uff0c\u81f3\u4eca\u5e74Q4\u7d04\u7e2e\u6e1b\u70ba\u6bcf\u6708\u5e73\u5747\u8cfc\u50b5\u91d1\u984d\u7d044.9\u5146\u65e5\u5713\uff0c\u4e14\u81f32026\u5e74Q1\u4e4b\u6bcf\u6708\u5e73\u5747\u8cfc\u50b5\u984d\u5c07\u7e2e\u6e1b\u81f3\u7d042.9\u5146\u65e5\u5713\uff1b\u4e0d\u904e\u65e5\u9280\u4e5f\u7559\u6709\u4f46\u66f8\uff0c\u660e\u5e746\u6708\u6703\u8b70\u5c07\u6703\u6aa2\u8a0e\u7e2e\u6e1b\u8cfc\u50b5\u901f\u5ea6\u662f\u5426\u5408\u9069\u3002\u81f3\u65bcBOJ\u6301\u6709\u50b5\u5238\u5b58\u91cf\u8868\u73fe\u4e0a\uff0c\u65e5\u9280\u4e5f\u9810\u671f\u52302026\u5e74Q1\u53ef\u7e2e\u6e1b40~47\u5146\u65e5\u5713(\u7d047~8%)\u5b58\u91cf\u898f\u6a21(\u5982\u53f3\u5716)\u3002"", ""start_index"": 2582, ""end_index"": 2810}, {""content"": ""\u4e0d\u50c5\u5982\u6b64\uff0c\u6bcf\u6708\u8cfc\u50b5\u8a08\u756b\u4e2d\u5404\u5929\u671f\u50b5\u5238\u8cfc\u8cb7\u7d30\u7bc0\u4e5f\u5f9e\u91d1\u984d\u5340\u9593\u8f49\u70ba\u6307\u5b9a\u91d1\u984d\u8cfc\u8cb7\uff0c\u4ea6\u5373\u6c92\u6709\u589e\u52a0\u8cfc\u50b5\u7684\u7a7a\u9593\u3002\u66f4\u751a\u8005\uff0c\u8fd1\u671f\u65e5\u9280\u4e5f\u6307\u5b9a\u90e8\u5206\u570b\u5167\u7d93\u7d00\u5546(SMBC\u8207\u745e\u7a57\u8b49\u5238\u7b49)\u63a5\u6d3d\u6d77\u5916\u6709\u610f\u6295\u8cc7\u65e5\u50b5\u8005\uff0c\u90fd\u51f8\u986f\u65e5\u9280\u53bb\u5316\u4f4e\u5229\u7387\u6642\u4ee3\u904e\u5ea6\u81a8\u8139\u4e4b\u8cc7\u7522\u8ca0\u50b5\u8868\u7684\u6c7a\u5fc3\u3002"", ""start_index"": 2810, ""end_index"": 2926}]",data/finance.txt
今年主要亞洲貨幣與美元的匯價如何變動？,"[{""content"": ""\u4eca\u5e74\u622a\u81f37/31\u6b62\uff0c\u4e3b\u8981\u4e9e\u6d32\u8ca8\u5e63\u514c\u7f8e\u5143\u532f\u50f9\u5e7e\u4e4e\u90fd\u5448\u73fe\u8cb6\u503c(\u53f3\u5716\u4e0a)\uff1b\u50c5\u99ac\u4f86\u5e63\u532f\u50f9\u8868\u73fe\u7a69\u5065\u3002"", ""start_index"": 3867, ""end_index"": 3912}, {""content"": ""\u518d\u8005\uff0c\u6211\u5011\u9032\u4e00\u6b65\u4ee57\u6708\u4efd\u55ae\u6708\u4f86\u770b\uff0c\u5728\u7f8e\u5143\u6307\u6578\u4e0b\u8dcc\u7684\u5927\u80cc\u666f\u4e4b\u4e0b\uff0c\u5927\u591a\u6578\u7684\u4e3b\u8981\u4e9e\u6d32\u8ca8\u5e63\u514c\u7f8e\u5143\u532f\u50f9\u8d81\u52e2\u53cd\u5f48\uff0c\u524d\u4e09\u5927\u5347\u5e45\u7684\u5e63\u5225\u5247\u5206\u5225\u70ba\u65e5\u5e63\u3001\u6cf0\u9296\u8207\u99ac\u4f86\u5e63\u3002"", ""start_index"": 3912, ""end_index"": 3985}]",data/finance.txt
全球投資者對金融市場的短期展望為何？,"[{""content"": ""\u5168\u7403\u6295\u8cc7\u8005\u6216\u5c07\u8f49\u5411\u98a8\u96aa\u8da8\u907f\uff0c\u6050\u5c07\u4e0d\u5229\u65bc\u77ed\u7dda\u65b0\u8208\u4e9e\u80a1\u3002"", ""start_index"": 4889, ""end_index"": 4915}, {""content"": ""\u5728\u532f\u5e02\u65b9\u9762\uff0c\u5e02\u5834\u63d0\u5347\u4e86\u5c0d\u806f\u6e96\u6703\u964d\u606f\u78bc\u6578\u7684\u9810\u671f\uff0c\u7f8e\u5143\u6307\u6578\u5927\u6982\u7387\u5c07\u7e7c\u7e8c\u4e0b\u884c\uff0c\u591a\u6578\u65b0\u8208\u4e9e\u5e63\u8d70\u52e2\u4ee5\u5340\u9593\u504f\u5347\u7684\u53ef\u80fd\u6027\u9ad8\u3002"", ""start_index"": 5839, ""end_index"": 5894}]",data/finance.txt
為何臺灣7月失業率上升至4.3%?,"[{""content"": ""\u7e3d\u7d50\u4f86\u8aaa\uff0c\u96d6\u7136\u76ee\u524dPCE\u901a\u81a8\u4ecd\u9ad8\u65bc2%\u7684\u76ee\u6a19\uff0c\u4f46\u5df2\u75312022\u5e74\u6700\u9ad8\u76847.1%\u5927\u5e45\u4e0b\u6ed1\u81f36\u6708\u76842.5%\uff0c\u4e147\u6708\u5931\u696d\u7387\u75314.1%\u610f\u5916\u4e0a\u5347\u81f34.3%\uff1b3\u500b\u6708\u5e73\u5747\u5931\u696d\u7387\u8f03\u904e\u53bb12\u500b\u6708\u4f4e\u9ede\u4e0a\u53470.53p.p.\uff0c\u89f8\u767c\u9810\u6e2c\u7d93\u6fdf\u8870\u9000\u7684Sahm rule\u8b66\u6212\u7dda(\u53f3\u57164)\u3002"", ""start_index"": 1485, ""end_index"": 1612}]",data/finance.txt
美國股市近期受哪些因素影響？,"[{""content"": ""\u5728\u7f8e\u80a1\u65b9\u9762\uff0c\u6ce2\u514b\u590f\u53ca\u8fea\u58eb\u5c3c\u5c07\u516c\u5e03\u6700\u65b0\u8ca1\u5831\uff0c\u4f46\u8fd1\u671f\u5fae\u8edf\u3001\u4e9e\u99ac\u905c\u53ca\u82f1\u7279\u723e\u7b49\u5927\u578b\u79d1\u6280\u516c\u53f8\u8ca1\u6e2c\u7686\u4f4e\u65bc\u9810\u671f\uff0c\u5e02\u5834\u5c0dAI\u5e36\u4f86\u7684\u71df\u6536\u8ca2\u737b\u770b\u6cd5\u8f49\u8da8\u4fdd\u5b88\uff0c\u4e14\u5e02\u5834\u5c0d\u666f\u6c23\u7684\u4fe1\u5fc3\u77ed\u671f\u96e3\u4ee5\u6539\u5584\uff0c\u9810\u6599\u7f8e\u80a1\u4fee\u6b63\u58d3\u529b\u4ecd\u5927\u3002"", ""start_index"": 3740, ""end_index"": 3835}]",data/finance.txt
7月份中國將公布的進出口數據預測會如何影響人民幣和10年期公債殖利率？,"[{""content"": ""\u4e2d\u570b\u9032\u51fa\u53e3\u548cCPI\u5e74\u589e\u7387\u6578\u64da\u6709\u671b\u5c0f\u5e45\u56de\u5347\uff0c\u8a55\u4f30\u6709\u52a9\u4eba\u6c11\u5e63\u548c\u4e2d\u570b10\u5e74\u671f\u516c\u50b5\u6b96\u5229\u7387\u5177\u652f\u6301\u3002"", ""start_index"": 7988, ""end_index"": 8032}, {""content"": ""\u5728\u9032\u51fa\u53e3\u6578\u64da\u65b9\u9762\uff0c\u96d6\u71367\u6708\u5b98\u65b9\u88fd\u9020\u696dPMI\u4e2d\u7684\u7d30\u9805\u5982\u65b0\u51fa\u53e3\u8a02\u55ae(48.3\u219248.5)\u548c\u9032\u53e3\u6307\u6578(46.9\u219247.0)\u7dad\u6301\u5728\u69ae\u67af\u7dda\u4e0b\u65b9\uff0c\u4f46\u5448\u73fe\u7565\u6709\u6539\u5584\uff1b\u758a\u52a0\u53bb\u5e74\u540c\u671f\u9032\u51fa\u53e3\u6578\u64da\u57fa\u671f\u7686\u6709\u6240\u4e0b\u6ed1\uff0c\u6545\u8a55\u4f30\u5c07\u4f7f\u5f97\u672c\u90317\u6708\u9032\u51fa\u53e3\u5e74\u589e\u7387\u7686\u6709\u671b\u8f03\u524d\u6708\u56de\u5347\u3002"", ""start_index"": 8062, ""end_index"": 8181}]",data/finance.txt
為什麼 HBM 晶片的市場競爭者不同於以前？,"[{""content"": ""\u4f46\u7576\u5e74\u9084\u5728\u96c4\u5fc3\u58ef\u5fd7\u7684 AMD \u7e7c\u7e8c\u505a\u4e86\u4e00\u500b\u985b\u8986\u534a\u5c0e\u9ad4\u696d\u754c\u7684\u6c7a\u7b56\uff1a\u8457\u624b\u7814\u767c HBM\u3002"", ""start_index"": 5265, ""end_index"": 5306}, {""content"": ""\u6b64\u6642\u5728 HBM \u5e02\u5834\u4e0a\u7684\u9818\u5148\u8005\u4e5f\u4e0d\u662f SK \u6d77\u529b\u58eb\uff0c\u800c\u662f\u8a18\u61b6\u9ad4\u9f8d\u982d\u4e09\u661f\u3002"", ""start_index"": 6314, ""end_index"": 6350}, {""content"": ""2016 \u5e74\u524d\u5f8c\u4e5f\u6b63\u597d\u78b0\u4e0a\u7b2c\u4e00\u6b21 AI \u6d6a\u6f6e\uff0c\u56e0\u6b64\u5728 AMD \u65bc 2015 \u5e74\u653e\u68c4\u4e86 HBM \u5f8c\uff0c\u9694\u5e74 NVIDIA \u4f7f\u7528\u53f0\u7a4d\u96fb CoWoS 2.5D \u5c01\u88dd\u6280\u8853\u52a0\u4e0a\u4e09\u661f\u7684 HBM2\uff0c\u63a8\u51fa\u4e86\u7b2c\u4e00\u5f35 AI \u986f\u793a\u5361 Tesla P100\uff0c\u6210\u70ba\u6b77\u4ee3\u6700\u5f37\u7684 GPU \u52a0\u901f\u5668\u3002"", ""start_index"": 6405, ""end_index"": 6537}, {""content"": ""\u6b64\u6642 SK \u6d77\u529b\u58eb\u56e0\u70ba\u88ab AMD \u653e\u68c4\u4e86 HBM \u6280\u8853\uff0c\u76f4\u63a5\u5728 HBM \u7b2c\u4e8c\u4ee3\u7684\u6a19\u6e96\u4e0a\u843d\u5f8c\u4e09\u661f\u4e00\u5e74\u591a\u7684\u6642\u9593\u3002"", ""start_index"": 6574, ""end_index"": 6628}, {""content"": ""\u7136\u800c\u4e09\u661f\u81ea\u5df1\u537b\u72af\u4e86\u4e00\u500b\u81f4\u547d\u6027\u7684\u932f\u8aa4\uff0c\u7531\u65bc HBM \u7684\u751f\u7522\u6210\u672c\u904e\u9ad8\u3001\u5e02\u5834\u9700\u6c42\u4f4e\uff0c\u4e09\u661f\u6c7a\u5b9a\u5728 2019 \u5e74\u89e3\u6563\u4e86 HBM \u7814\u767c\u5718\u968a\uff0c\u5c0e\u81f4\u5f9e HBM \u7b2c\u4e09\u4ee3\u958b\u59cb\u6280\u8853\u4e0a\u4fbf\u843d\u5f8c\u65bc SK \u6d77\u529b\u58eb\uff0c\u6700\u7d42\u5c0e\u81f4\u5728 AI \u6d6a\u6f6e\u843d\u5f8c\u7684\u7d50\u679c\u3002"", ""start_index"": 6697, ""end_index"": 6806}]",data/hbm.txt
為什麼台積電的 CoWoS 技術對於 AI GPU 的生產至關重要？,"[{""content"": ""\u8003\u91cf\u5230\u9019\u9ede\uff0c\u53f0\u7a4d\u96fb\u624d\u56e0\u6b64\u5728 15 \u5e74\u524d\u4fbf\u63a8\u51fa CoWoS \u6280\u8853\u4f5c\u70ba\u672a\u4f86\u5fc5\u5b9a\u6703\u9047\u5230\u7684\u6469\u723e\u5b9a\u5f8b\u7684\u89e3\u65b9\u3002\u9664\u4e86\u85c9\u7531\u7e2e\u5c0f\u96fb\u6676\u9ad4\u4e4b\u5916\uff0c\u9084\u53ef\u4ee5\u7528 3D \u5806\u758a\u7684\u65b9\u5f0f\u63d0\u5347\u55ae\u4f4d\u9762\u7a4d\u7684\u96fb\u6676\u9ad4\u5bc6\u5ea6\u3002"", ""start_index"": 9885, ""end_index"": 9972}, {""content"": ""\u7136\u800c\u5728 2009 \u5e74\u7576\u53f0\u7a4d\u96fb\u6c7a\u5b9a\u65a5\u8cc7\u4e00\u5104\u7f8e\u91d1\u3001\u8017\u8cbb 400 \u4f4d\u5de5\u7a0b\u5e2b\uff0c\u7d42\u65bc\u7814\u767c\u51fa\u5148\u9032\u5c01\u88dd\u6280\u8853 CoWoS \u51fa\u4f86\u6642\uff0c\u8af7\u523a\u7684\u662f\u537b\u4e00\u500b\u5ba2\u6236\u90fd\u6c92\u6709\u3002"", ""start_index"": 9974, ""end_index"": 10044}, {""content"": ""NVIDIA \u9818\u8ecd\u7684 AI \u6d6a\u6f6e\u4e0b\uff0cCoWoS \u9700\u6c42\u6fc0\u589e\u4e09\u500d\uff0c\u9a45\u4f7f\u53f0\u7a4d\u96fb\u5168\u529b\u64f4\u5145 CoWoS \u7522\u80fd\u3002"", ""start_index"": 10732, ""end_index"": 10782}, {""content"": ""\u7531\u65bc AI \u9700\u6c42\u9ad8\u6f32\uff0cNVIDIA \u8207\u5176\u4ed6\u54c1\u724c GPU \u6216 ASIC \u4f9b\u4e0d\u61c9\u6c42\uff0cCoWoS \u548c HBM \u90fd\u6210\u70ba\u4e86 GPU \u7684\u4f9b\u61c9\u74f6\u9838\uff0c\u5f9e\u4e4f\u4eba\u554f\u6d25\u7684\u51b7\u9580\u7522\u7dda\u8b8a\u6210\u4f9b\u4e0d\u61c9\u6c42\u7684\u6b21\u4e16\u4ee3\u6280\u8853\u3002"", ""start_index"": 10843, ""end_index"": 10933}, {""content"": ""NVIDIA \u53ea\u662f\u8ca0\u8cac IC \u8a2d\u8a08\u7684\u7121\u5ee0\u534a\u5c0e\u9ad4\u516c\u53f8\uff0c\u5982\u679c HBM \u6676\u7247\u4f9b\u61c9\u4e0d\u5920\u3001\u53f0\u7a4d\u96fb\u7684 CoWoS \u4e5f\u6c92\u6709\u8ca8\u53ef\u4ee5\u585e\uff1b\u6216\u662f HBM \u6676\u7247\u4f9b\u61c9\u5145\u8db3\uff0c\u4f46\u53f0\u7a4d\u96fb CoWoS \u7522\u80fd\u88ab\u5176\u4ed6\u5ee0\u5546\u8a02\u55ae\u5403\u6389\u90e8\u5206\u3002"", ""start_index"": 11138, ""end_index"": 11236}]",data/hbm.txt
什麼是矽穿孔技術及其作用為何？,"[{""content"": ""\u6240\u8b02\u7684\u77fd\u7a7f\u5b54\uff0c\u5c31\u662f\u76f4\u63a5\u5728\u77fd\u6676\u5713\u4e0a\u7a7f\u591a\u500b\u5b54\uff0c\u5b54\u7684\u5927\u5c0f\u53ea\u6709\u5fae\u7c73\u7b49\u7d1a\uff08\u5dee\u4e0d\u591a\u5c31\u662f\u7d30\u83cc\u5927\u5c0f\uff09\uff0c\u4e26\u4f7f\u7528\u91d1\u5c6c\u7269\u8cea\u586b\u5145\u9032\u5b54\u88e1\u4f86\u9032\u884c\u5c0e\u96fb\u9023\u63a5\uff0c\u9019\u6a23\u7684\u6253\u6d1e\u6280\u8853\u5c31\u7a31\u70ba\u300c\u77fd\u7a7f\u5b54\u300d\uff08TSV, Through Silicon Via\uff09\u3002"", ""start_index"": 3411, ""end_index"": 3516}, {""content"": ""\u63a5\u4e0b\u4f86\u518d\u628a\u5806\u758a\u597d\u7684 HBM \u6676\u7247\u8207\u5716\u7247\u4e2d\u7684 GPU \u6838\u5fc3\u904b\u7b97\u55ae\u5143\u518d\u5c01\u88dd\u5230\u4e00\u5c64\u53eb\u77fd\u4e2d\u4ecb\u5c64\uff08Interposer\uff09\u7684\u4ecb\u8cea\u4e0a\uff0c\u77fd\u4e2d\u4ecb\u5c64\u4e0a\u540c\u6a23\u6703\u6709\u63d0\u524d\u8755\u523b\u597d\u7684\u77fd\u7a7f\u5b54\uff0c\u8b93 HBM \u8207 GPU \u904b\u7b97\u55ae\u5143\u4e5f\u53ef\u4ee5\u900f\u904e\u77fd\u7a7f\u5b54\u4f86\u9023\u63a5\uff0c\u4e0d\u7528\u5f15\u7dda\u548c\u57fa\u677f\uff0c\u518d\u4e00\u6b21\u964d\u4f4e\u529f\u8017\u4e26\u63d0\u5347\u983b\u5bec\u901f\u5ea6\u3002"", ""start_index"": 3598, ""end_index"": 3728}, {""content"": ""\u77fd\u7a7f\u5b54\u6280\u8853\u4ee3\u66ff\u4e86\u50b3\u7d71\u7684\u5f15\u7dda\uff0c\u53ef\u4ee5\u6709\u6548\u964d\u4f4e\u529f\u8017\uff0c\u4e26\u4f7f\u88f8\u7247\u5806\u758a\uff0c\u63d0\u5347\u5132\u5b58\u983b\u5bec\u3002"", ""start_index"": 3559, ""end_index"": 3596}]",data/hbm.txt
哪些公司能生產 HBM 記憶體並獲得 NVIDIA 認證？,"[{""content"": ""\u73fe\u968e\u6bb5\u5168\u7403\u53ea\u6709\u4e09\u5bb6\u516c\u53f8\u6709\u751f\u7522 HBM \u8a18\u61b6\u9ad4\u7684\u80fd\u529b\uff1aSK \u6d77\u529b\u58eb\u3001\u4e09\u661f\u8207\u7f8e\u5149\u30022023 \u5e74\u7684\u5e02\u5360\u7387\u5206\u5225\u662f 54%\u300141% \u8207 5%\u3002"", ""start_index"": 2255, ""end_index"": 2321}, {""content"": ""\u5f9e\u6578\u5b57\u4e0a\u770b\u4f86\uff0c\u7b2c\u4e00\u5927\u5ee0\u5546 SK \u6d77\u529b\u58eb\u770b\u4f3c\u9084\u6c92\u6709\u64c1\u6709\u58df\u65b7\u6027\u7684\u5e02\u4f54\uff0c\u4f46\u4e8b\u5be6\u4e0a HBM \u5e02\u5834\u7684\u7b2c\u4e00\u5927\u8cb7\u5bb6 NVIDIA \u73fe\u968e\u6bb5\u4f7f\u7528\u7684\u53ea\u6709 SK \u6d77\u529b\u58eb\u7684\u7522\u54c1\uff0c\u8fd1\u671f\u624d\u6709\u5176\u4ed6\u54c1\u724c\u53ef\u80fd\u901a\u904e\u8a8d\u8b49\u7684\u6d88\u606f\u3002"", ""start_index"": 2324, ""end_index"": 2419}, {""content"": ""HBM \u5ee0\u5546\u5f97\u901a\u904e\u8cb7\u5bb6 NVIDIA \u8207\u6676\u5713\u4ee3\u5de5\u5ee0\u53f0\u7a4d\u96fb\u7684\u96d9\u91cd\u8a8d\u8b49\uff0c\u624d\u80fd\u6210\u70ba NVIDIA \u7684\u4f9b\u61c9\u5546\u3002"", ""start_index"": 2421, ""end_index"": 2472}, {""content"": ""\u76ee\u524d NVIDIA \u4f7f\u7528\u7684\u90fd\u662f SK \u6d77\u529b\u58eb\u7684\u7b2c\u4e09\u4ee3 HBM3 \u7522\u54c1\uff0c\u76f4\u5230\u4eca\u5e74\u7f8e\u5149\u624d\u525b\u901a\u904e\u9a57\u8b49\uff0c\u6210\u70ba SK \u6d77\u529b\u58eb\u4ee5\u5916\u7684\u7b2c\u4e8c\u5bb6\u53ef\u4f9b\u61c9 NVIDIA \u7684 HBM \u5ee0\u5546\u3002"", ""start_index"": 2474, ""end_index"": 2557}]",data/hbm.txt
HBM 的高頻寬優勢為什麼無法提升 AMD 顯示卡的遊戲效能？,"[{""content"": ""\u4f46\u96a8\u5f8c\uff0cAMD \u4fbf\u767c\u73fe\u642d\u8f09 HBM \u7684\u986f\u793a\u5361\u6210\u672c\u592a\u9ad8\uff0c\u4f46\u5c0d\u65bc\u904a\u6232\u6548\u80fd\u7684\u63d0\u5347\u537b\u6709\u9650\u3002\u7531\u65bc HBM \u7684\u88fd\u7a0b\u96e3\u5ea6\u9ad8\u3001\u6210\u672c\u4e5f\u8cb4\uff0cRadeon R9 Fury X \u7e3d\u5171\u53ea\u6709\u642d\u8f09 4 \u9846 1 GB \u7684 HBM \u5728\u5167\uff0c\u4e5f\u5c31\u5171 4GB\u3002"", ""start_index"": 5690, ""end_index"": 5800}, {""content"": ""\u96fb\u8166\u6709\u81ea\u5df1\u7684\u8a18\u61b6\u9ad4\uff0c\u986f\u793a\u5361\u4e5f\u64c1\u6709\u81ea\u5df1\u7368\u7acb\u7684\u8a18\u61b6\u9ad4\uff0c\u5c31\u662f\u70ba\u4e86\u5132\u5b58 GPU \u5df2\u7d93\u8655\u7406\u904e\u6216\u5373\u5c07\u8b80\u53d6\u7684\u6e32\u67d3\u6578\u64da\uff0c\u5982\u679c\u5bb9\u91cf\u4e0d\u5920\u7167\u6a23\u6703\u51fa\u73fe\u92f8\u9f52\u72c0\u7684\u756b\u9762\u3002"", ""start_index"": 5802, ""end_index"": 5872}]",data/hbm.txt
三星為何持續使用 NCF 而非轉向 MR-MUF 技術？,"[{""content"": ""\u73fe\u968e\u6bb5\u5728\u91cf\u7522\u4e0a\uff0c\u4e09\u661f\u7684 NCF \u6280\u8853\u9060\u4e0d\u5982 SK \u6d77\u529b\u58eb\u7684 MR-MUF \u6280\u8853\u4f86\u5f97\u7a69\u5b9a\u3002"", ""start_index"": 8665, ""end_index"": 8709}, {""content"": ""\u4e09\u661f\u7684\u7b2c\u4e09\u4ee3 HBM \u751f\u7522\u826f\u7387\u50c5\u70ba10% \u2013 20%\uff0c\u4f46 SK \u6d77\u529b\u58eb\u7684 HBM \u826f\u7387\u5247\u9ad8\u9054 60% \u2013 70%\u3002"", ""start_index"": 8709, ""end_index"": 8766}, {""content"": ""\u52a0\u4e0a\u9ad8\u529f\u8017\u8207\u6563\u71b1\u4e0d\u4f73\u7684\u554f\u984c\uff0c\u4e09\u661f\u7684 HBM \u81f3\u4eca\u4ecd\u7121\u6cd5\u901a\u904e NVIDIA \u8207\u53f0\u7a4d\u96fb\u7684\u9a57\u8b49\u5be6\u73fe\u91cf\u7522\u3002"", ""start_index"": 8768, ""end_index"": 8817}, {""content"": ""\u65e2\u7136\u5df2\u7d93\u5728 MR-MUF \u4e0a\u843d\u5f8c\u4e86\uff0c\u7b49 HBM4 \u63a8\u51fa\u7684\u6642\u5019\uff0c\u4e09\u661f\u6216\u8a31\u9084\u6709\u6a5f\u6703\u80fd\u8d95\u8d85 SK \u6d77\u529b\u58eb\uff0c\u56e0\u6b64\u4e09\u661f\u4e5f\u59cb\u7d42\u4e0d\u80af\u653e\u68c4 NCF \u8f49\u5411 MR-MUF\uff0c\u56e0\u70ba\u80cc\u5f8c\u9700\u8981\u7684\u6a5f\u53f0\u6295\u8cc7\u8207\u6642\u9593\u6210\u672c\u5be6\u5728\u592a\u9ad8\uff0c\u9ad8\u5c64\u80af\u5b9a\u6703\u6709\u7591\u616e\uff0c\u5047\u8a2d\u7b49\u5230\u91cf\u7522\u4e86\uff0cAI \u9700\u6c42\u5982\u679c\u6d88\u5931\u4e86\u600e\u9ebc\u8fa6\uff0c\u9762\u81e8\u9ad8\u98a8\u96aa\u6c7a\u7b56\uff0c\u4e09\u661f\u9ad8\u5c64\u7591\u616e\u5176\u5be6\u5f88\u591a\u3002"", ""start_index"": 8895, ""end_index"": 9042}, {""content"": ""\u7136\u800c\uff0c\u8fd1\u671f\u5df2\u6709\u5a92\u9ad4\u62ab\u9732\u4e09\u661f\u5df2\u7d93\u4e0b\u55ae\u4e86\u7528\u65bc MUF \u6280\u8853\u7684\u88fd\u9020\u8a2d\u5099\u8207\u6750\u6599\uff0c\u5f88\u6709\u53ef\u80fd\u4e09\u661f\u6703\u540c\u6642\u63a1\u7528 NCF \u8207 MR-MUF \u9032\u884c\u751f\u7522\uff0c\u4f46\u8981\u80fd\u4f7f\u7528 MUF \u6280\u8853\u9032\u884c\u91cf\u7522\u6700\u5feb\u4e5f\u61c9\u8a72\u6703\u7b49\u5230\u660e\u5e74\u3002"", ""start_index"": 9044, ""end_index"": 9137}]",data/hbm.txt
台積電在晶片技術方面面臨哪些挑戰？,"[{""content"": ""\u7136\u800c\u5728 2009 \u5e74\u7576\u53f0\u7a4d\u96fb\u6c7a\u5b9a\u65a5\u8cc7\u4e00\u5104\u7f8e\u91d1\u3001\u8017\u8cbb 400 \u4f4d\u5de5\u7a0b\u5e2b\uff0c\u7d42\u65bc\u7814\u767c\u51fa\u5148\u9032\u5c01\u88dd\u6280\u8853 CoWoS \u51fa\u4f86\u6642\uff0c\u8af7\u523a\u7684\u662f\u537b\u4e00\u500b\u5ba2\u6236\u90fd\u6c92\u6709\u3002"", ""start_index"": 9974, ""end_index"": 10044}, {""content"": ""\u7531\u65bc CoWoS \u7684\u6210\u672c\u592a\u8cb4\uff0c\u5f8c\u7e8c\u53f0\u7a4d\u96fb\u53c8\u5728\u6210\u672c\u8003\u91cf\u7684\u57fa\u790e\u4e0a\u63a8\u51fa\u4e86\u540c\u6a23\u662f\u5148\u9032\u5c01\u88dd\u6280\u8853\u7684 InFO\u3002"", ""start_index"": 10128, ""end_index"": 10177}, {""content"": ""\u8003\u91cf\u5230\u9019\u9ede\uff0c\u53f0\u7a4d\u96fb\u624d\u56e0\u6b64\u5728 15 \u5e74\u524d\u4fbf\u63a8\u51fa CoWoS \u6280\u8853\u4f5c\u70ba\u672a\u4f86\u5fc5\u5b9a\u6703\u9047\u5230\u7684\u6469\u723e\u5b9a\u5f8b\u7684\u89e3\u65b9\u3002\u9664\u4e86\u85c9\u7531\u7e2e\u5c0f\u96fb\u6676\u9ad4\u4e4b\u5916\uff0c\u9084\u53ef\u4ee5\u7528 3D \u5806\u758a\u7684\u65b9\u5f0f\u63d0\u5347\u55ae\u4f4d\u9762\u7a4d\u7684\u96fb\u6676\u9ad4\u5bc6\u5ea6\u3002"", ""start_index"": 9885, ""end_index"": 9972}, {""content"": ""\u7531\u65bc 2.5D \u5c01\u88dd\u6280\u8853\u662f\u7531\u5404\u5bb6\u5ee0\u5546\u81ea\u5df1\u7814\u767c\uff0c\u5f7c\u6b64\u9593\u7684\u6280\u8853\u7d30\u7bc0\u5dee\u7570\u5f88\u5927\u3002\u9019\u4e9b\u7d30\u7bc0\u5dee\u7570\u5c31\u6703\u5c0e\u81f4\u5373\u4fbf\u4f7f\u7528\u7684\u662f NVIDIA \u7d66\u51fa\u4f86\u7684\u540c\u4e00\u5f35 H100 \u8a2d\u8a08\u5716\uff0c\u53ea\u8981\u60f3\u62ff\u5230\u53f0\u7a4d\u96fb\u4ee5\u5916\u7684\u5c01\u88dd\u5ee0\u4e5f\u7121\u6cd5\u505a\u51fa\u76f8\u540c\u7684\u7522\u54c1\u6216\u7dad\u6301\u76f8\u540c\u6210\u672c\uff0c\u5f88\u96e3\u505a\u54c1\u8cea\u7ba1\u63a7\uff0c\u6216\u662f\u51fa\u554f\u984c\u6642\u4e5f\u96e3\u4ee5\u628a\u8cac\u4efb\u6b78\u548e\u65bc\u7279\u5b9a\u4e00\u65b9\uff0c\u7ba1\u63a7\u4e0a\u975e\u5e38\u8907\u96dc\u3002"", ""start_index"": 11317, ""end_index"": 11462}]",data/hbm.txt
HBM 與 2.5D 封裝的技術有何關聯？,"[{""content"": ""HBM \u5176\u5be6\u5c31\u662f\u5c07\u591a\u500b DDR \u8a18\u61b6\u9ad4\u6676\u7247\u5806\u758a\u8d77\u4f86\uff0c\u6bcf\u4e00\u5c64\u63a7\u5236\u5728\u53ea\u6709\u4eba\u985e\u982d\u9aee\u4e00\u534a\u7684\u539a\u5ea6\uff0c\u518d\u900f\u904e\u5148\u9032\u5c01\u88dd\u548c GPU \u5c01\u88dd\u5728\u4e00\u8d77\uff0c\u5be6\u73fe\u9ad8\u5132\u5b58\u7a7a\u9593\u8207\u9ad8\u983b\u5bec\u7684\u76ee\u6a19\u3002"", ""start_index"": 2916, ""end_index"": 2994}, {""content"": ""\u5728 2.5D \u5c01\u88dd\u6280\u8853\u8207 HBM \u6676\u7247\u9084\u6c92\u6709\u88ab\u958b\u767c\u51fa\u4f86\u4e4b\u524d\uff0c\u8a18\u61b6\u9ad4\u90fd\u662f\u63a1\u7528 2D \u50b3\u7d71\u5c01\u88dd\u6280\u8853\u3002"", ""start_index"": 2996, ""end_index"": 3044}, {""content"": ""\u5230\u4e86 2.5D \u5806\u758a\u6676\u7247\u7684\u6642\u4ee3\uff0c\u900f\u904e\u5806\u758a\u56db\u500b\u8a18\u61b6\u9ad4\u6676\u7247\uff0c\u8a18\u61b6\u9ad4\u53ef\u4ee5\u66f4\u9760\u8fd1 GPU\uff0c\u5f9e\u800c\u5927\u5927\u7e2e\u77ed\u4e86\u96fb\u7dda\u9577\u5ea6\uff0c\u9054\u5230\u66f4\u77ed\u7684\u50b3\u8f38\u8def\u5f91\u3001\u66f4\u9ad8\u901f\u4e14\u8017\u80fd\u66f4\u4f4e\u3002"", ""start_index"": 3270, ""end_index"": 3342}, {""content"": ""\u63a5\u4e0b\u4f86\u518d\u628a\u5806\u758a\u597d\u7684 HBM \u6676\u7247\u8207\u5716\u7247\u4e2d\u7684 GPU \u6838\u5fc3\u904b\u7b97\u55ae\u5143\u518d\u5c01\u88dd\u5230\u4e00\u5c64\u53eb\u77fd\u4e2d\u4ecb\u5c64\uff08Interposer\uff09\u7684\u4ecb\u8cea\u4e0a\uff0c\u77fd\u4e2d\u4ecb\u5c64\u4e0a\u540c\u6a23\u6703\u6709\u63d0\u524d\u8755\u523b\u597d\u7684\u77fd\u7a7f\u5b54\uff0c\u8b93 HBM \u8207 GPU \u904b\u7b97\u55ae\u5143\u4e5f\u53ef\u4ee5\u900f\u904e\u77fd\u7a7f\u5b54\u4f86\u9023\u63a5\uff0c\u4e0d\u7528\u5f15\u7dda\u548c\u57fa\u677f\uff0c\u518d\u4e00\u6b21\u964d\u4f4e\u529f\u8017\u4e26\u63d0\u5347\u983b\u5bec\u901f\u5ea6\u3002"", ""start_index"": 3598, ""end_index"": 3728}]",data/hbm.txt
SK 海力士在哪一年改用 MR-MUF 技術以提升 HBM 的生產優勢？,"[{""content"": ""\u4f46 SK \u6d77\u529b\u58eb\u5247\u7387\u5148\u653e\u68c4\u4e86 TC-NCF\uff0c\u9365\u800c\u4e0d\u6368\u5730\u7814\u767c\u65b0\u6280\u8853\uff0c\u6700\u5f8c\u5728 2019 \u5e74\u6539\u70ba\u63a1\u53d6\u53e6\u4e00\u7a2e\u5de5\u85dd\u88fd\u9020\u6280\u8853\uff1aMR-MUF\u3002"", ""start_index"": 7374, ""end_index"": 7438}, {""content"": ""\u9019\u500b\u6295\u5165\u975e\u5e38\u7684\u95dc\u9375\uff0c\u56e0\u70ba\u5728 2015 \u5e74 \u2013 2022 \u5e74 HBM \u4e4f\u4eba\u554f\u6d25\u7684\u671f\u9593\uff0c\u9023\u4e09\u661f\u90fd\u5728 2019 \u5e74\u88c1\u6389\u4e86 HBM \u7684\u7814\u767c\u90e8\u9580\uff0cSK \u6d77\u529b\u58eb\u537b\u5728\u540c\u5e74\u63a8\u51fa\u4e86\u65b0\u6280\u8853\uff0c\u5fb9\u5e95\u6539\u8b8a\u4e86 HBM \u5e02\u5834\u7684\u672a\u4f86\u3002"", ""start_index"": 7440, ""end_index"": 7541}]",data/hbm.txt
為什麼南韓的經濟嚴重依賴半導體產業？,"[{""content"": ""\u534a\u5c0e\u9ad4\u7522\u696d\u4f54\u6bd4\u9ad8\u9054\u5357\u97d3 GDP \u7684 20%\uff0c\u8a18\u61b6\u9ad4\u6676\u7247\u53c8\u4f54\u6bd4\u5357\u97d3\u51fa\u53e3\u7e3d\u503c\u7684 63.8%\uff082022 \u5e74\u6578\u64da\uff09\u3002"", ""start_index"": 12526, ""end_index"": 12580}, {""content"": ""\u5357\u97d3\u570b\u5bb6\u667a\u5eab\u65bc 2023 \u5e74\u767c\u8868\u5831\u544a\u7a31\uff0c\u5357\u97d3\u53ea\u8981\u534a\u5c0e\u9ad4\u51fa\u53e3\u503c\u6bcf\u4e0b\u964d 10% \u5c31\u6703\u5c0e\u81f4 GDP \u4e0b\u964d 0.78%\u3002"", ""start_index"": 12582, ""end_index"": 12638}, {""content"": ""\u5357\u97d3\u8fd1\u5e74\u5728\u6676\u5713\u4ee3\u5de5\u7684\u5e02\u5834\u9010\u6f38\u88ab\u53f0\u7063\u53d6\u4ee3\u5f8c\uff0c\u8a18\u61b6\u9ad4\u8b8a\u6210\u6700\u6838\u5fc3\u7684\u6676\u7247\u696d\u52d9\u3002"", ""start_index"": 12640, ""end_index"": 12675}]",data/hbm.txt
派遣勞工提出訂定勞動契約之後，要派單位有何責任？,"[{""content"": ""\u8981\u6d3e\u55ae\u4f4d\u9055\u53cd\u524d\u9805\u898f\u5b9a\uff0c\u4e14\u5df2\u53d7\u9818\u6d3e\u9063\u52de\u5de5\u52de\u52d9\u8005\uff0c\u6d3e\u9063\u52de\u5de5\u5f97\u65bc\u8981\u6d3e\u55ae\u4f4d\u63d0\u4f9b\u52de\u52d9\u4e4b\u65e5\u8d77\u4e5d\u5341\u65e5\u5167\uff0c\u4ee5\u66f8\u9762\u5411\u8981\u6d3e\u55ae\u4f4d\u63d0\u51fa\u8a02\u5b9a\u52de\u52d5\u5951\u7d04\u4e4b\u610f\u601d\u8868\u793a\u3002"", ""start_index"": 3476, ""end_index"": 3543}, {""content"": ""\u8981\u6d3e\u55ae\u4f4d\u61c9\u81ea\u524d\u9805\u6d3e\u9063\u52de\u5de5\u610f\u601d\u8868\u793a\u5230\u9054\u4e4b\u65e5\u8d77\u5341\u65e5\u5167\uff0c\u8207\u5176\u5354\u5546\u8a02\u5b9a\u52de\u52d5\u5951\u7d04\u3002\u903e\u671f\u672a\u5354\u5546\u6216\u5354\u5546\u4e0d\u6210\u7acb\u8005\uff0c\u8996\u70ba\u96d9\u65b9\u81ea\u671f\u6eff\u7fcc\u65e5\u6210\u7acb\u52de\u52d5\u5951\u7d04\uff0c\u4e26\u4ee5\u6d3e\u9063\u52de\u5de5\u65bc\u8981\u6d3e\u55ae\u4f4d\u5de5\u4f5c\u671f\u9593\u4e4b\u52de\u52d5\u689d\u4ef6\u70ba\u52de\u52d5\u5951\u7d04\u5167\u5bb9\u3002"", ""start_index"": 3544, ""end_index"": 3637}, {""content"": ""\u6d3e\u9063\u4e8b\u696d\u55ae\u4f4d\u53ca\u8981\u6d3e\u55ae\u4f4d\u4e0d\u5f97\u56e0\u6d3e\u9063\u52de\u5de5\u63d0\u51fa\u7b2c\u4e8c\u9805\u610f\u601d\u8868\u793a\uff0c\u800c\u4e88\u4ee5\u89e3\u50f1\u3001\u964d\u8abf\u3001\u6e1b\u85aa\u3001\u640d\u5bb3\u5176\u4f9d\u6cd5\u4ee4\u3001\u5951\u7d04\u6216\u7fd2\u6163\u4e0a\u6240\u61c9\u4eab\u6709\u4e4b\u6b0a\u76ca\uff0c\u6216\u5176\u4ed6\u4e0d\u5229\u4e4b\u8655\u5206\u3002"", ""start_index"": 3638, ""end_index"": 3708}, {""content"": ""\u6d3e\u9063\u4e8b\u696d\u55ae\u4f4d\u53ca\u8981\u6d3e\u55ae\u4f4d\u70ba\u524d\u9805\u884c\u70ba\u4e4b\u4e00\u8005\uff0c\u7121\u6548\u3002"", ""start_index"": 3709, ""end_index"": 3732}]",data/law.txt
童工每日工作時間限制是什麼？,"[{""content"": ""\u7ae5\u5de5\u6bcf\u65e5\u4e4b\u5de5\u4f5c\u6642\u9593\u4e0d\u5f97\u8d85\u904e\u516b\u5c0f\u6642\uff0c\u6bcf\u9031\u4e4b\u5de5\u4f5c\u6642\u9593\u4e0d\u5f97\u8d85\u904e\u56db\u5341\u5c0f\u6642\uff0c\u4f8b\u5047\u65e5\u4e0d\u5f97\u5de5\u4f5c\u3002"", ""start_index"": 8865, ""end_index"": 8906}, {""content"": ""\u7ae5\u5de5\u4e0d\u5f97\u65bc\u5348\u5f8c\u516b\u6642\u81f3\u7fcc\u6668\u516d\u6642\u4e4b\u6642\u9593\u5167\u5de5\u4f5c\u3002"", ""start_index"": 8914, ""end_index"": 8935}]",data/law.txt
勞工於什麼情況下不得終止勞動契約？,"[{""content"": ""\u6709\u7b2c\u4e00\u9805\u7b2c\u4e8c\u6b3e\u6216\u7b2c\u56db\u6b3e\u60c5\u5f62\uff0c\u96c7\u4e3b\u5df2\u5c07\u8a72\u4ee3\u7406\u4eba\u9593\u4e4b\u5951\u7d04\u7d42\u6b62\uff0c\u6216\u60a3\u6709\u6cd5\u5b9a\u50b3\u67d3\u75c5\u8005\u4f9d\u885b\u751f\u6cd5\u898f\u5df2\u63a5\u53d7\u6cbb\u7642\u6642\uff0c\u52de\u5de5\u4e0d\u5f97\u7d42\u6b62\u5951\u7d04\u3002"", ""start_index"": 2617, ""end_index"": 2676}, {""content"": ""\u6709\u5de6\u5217\u60c5\u5f62\u4e4b\u4e00\u8005\uff0c\u52de\u5de5\u4e0d\u5f97\u5411\u96c7\u4e3b\u8acb\u6c42\u52a0\u767c\u9810\u544a\u671f\u9593\u5de5\u8cc7\u53ca\u8cc7\u9063\u8cbb\uff1a\n\u4e00\u3001\u4f9d\u7b2c\u5341\u4e8c\u689d\u6216\u7b2c\u5341\u4e94\u689d\u898f\u5b9a\u7d42\u6b62\u52de\u52d5\u5951\u7d04\u8005\u3002\n\u4e8c\u3001\u5b9a\u671f\u52de\u52d5\u5951\u7d04\u671f\u6eff\u96e2\u8077\u8005\u3002"", ""start_index"": 3856, ""end_index"": 3925}]",data/law.txt
在什麼情況下雇主可以停止勞工的假期？,"[{""content"": ""\u96c7\u4e3b\u8a8d\u6709\u7e7c\u7e8c\u5de5\u4f5c\u4e4b\u5fc5\u8981\u6642\uff0c\u5f97\u505c\u6b62\u7b2c\u4e09\u5341\u516d\u689d\u81f3\u7b2c\u4e09\u5341\u516b\u689d\u6240\u5b9a\u52de\u5de5\u4e4b\u5047\u671f\u3002"", ""start_index"": 8251, ""end_index"": 8286}, {""content"": ""\u516c\u7528\u4e8b\u696d\u4e4b\u52de\u5de5\uff0c\u7576\u5730\u4e3b\u7ba1\u6a5f\u95dc\u8a8d\u6709\u5fc5\u8981\u6642\uff0c\u5f97\u505c\u6b62\u7b2c\u4e09\u5341\u516b\u689d\u6240\u5b9a\u4e4b\u7279\u5225\u4f11\u5047\u3002"", ""start_index"": 8356, ""end_index"": 8392}]",data/law.txt
雇主未支付資遣費或退休金時，積欠工資墊償基金如何處理？,"[{""content"": ""\u96c7\u4e3b\u672a\u4f9d\u672c\u6cd5\u7d66\u4ed8\u4e4b\u9000\u4f11\u91d1\u3002"", ""start_index"": 5006, ""end_index"": 5019}, {""content"": ""\u96c7\u4e3b\u672a\u4f9d\u672c\u6cd5\u6216\u52de\u5de5\u9000\u4f11\u91d1\u689d\u4f8b\u7d66\u4ed8\u4e4b\u8cc7\u9063\u8cbb\u3002"", ""start_index"": 5022, ""end_index"": 5043}, {""content"": ""\u96c7\u4e3b\u61c9\u6309\u5176\u7576\u6708\u50f1\u7528\u52de\u5de5\u6295\u4fdd\u85aa\u8cc7\u7e3d\u984d\u53ca\u898f\u5b9a\u4e4b\u8cbb\u7387\uff0c\u7e73\u7d0d\u4e00\u5b9a\u6578\u984d\u4e4b\u7a4d\u6b20\u5de5\u8cc7\u588a\u511f\u57fa\u91d1\uff0c\u4f5c\u70ba\u588a\u511f\u4e0b\u5217\u5404\u6b3e\u4e4b\u7528\uff1a"", ""start_index"": 5044, ""end_index"": 5095}, {""content"": ""\u4e8c\u3001\u524d\u9805\u7b2c\u4e8c\u6b3e\u8207\u7b2c\u4e09\u6b3e\u7a4d\u6b20\u4e4b\u9000\u4f11\u91d1\u53ca\u8cc7\u9063\u8cbb\uff0c\u5176\u5408\u8a08\u6578\u984d\u4ee5\u516d\u500b\u6708\u5e73\u5747\u5de5\u8cc7\u70ba\u9650\u3002"", ""start_index"": 5112, ""end_index"": 5150}, {""content"": ""\u96c7\u4e3b\u7a4d\u6b20\u4e4b\u5de5\u8cc7\u3001\u9000\u4f11\u91d1\u53ca\u8cc7\u9063\u8cbb\uff0c\u7d93\u52de\u5de5\u8acb\u6c42\u672a\u7372\u6e05\u511f\u8005\uff0c\u7531\u7a4d\u6b20\u5de5\u8cc7\u588a\u511f\u57fa\u91d1\u4f9d\u7b2c\u4e8c\u9805\u898f\u5b9a\u588a\u511f\u4e4b\uff1b\u96c7\u4e3b\u61c9\u65bc\u898f\u5b9a\u671f\u9650\u5167\uff0c\u5c07\u588a\u6b3e\u511f\u9084\u7a4d\u6b20\u5de5\u8cc7\u588a\u511f\u57fa\u91d1\u3002"", ""start_index"": 5216, ""end_index"": 5286}]",data/law.txt
未滿十五歲之人在哪些情況下可以合法受僱工作？,"[{""content"": ""\u96c7\u4e3b\u4e0d\u5f97\u50f1\u7528\u672a\u6eff\u5341\u4e94\u6b72\u4e4b\u4eba\u5f9e\u4e8b\u5de5\u4f5c\u3002\u4f46\u570b\u6c11\u4e2d\u5b78\u7562\u696d\u6216\u7d93\u4e3b\u7ba1\u6a5f\u95dc\u8a8d\u5b9a\u5176\u5de5\u4f5c\u6027\u8cea\u53ca\u74b0\u5883\u7121\u7919\u5176\u8eab\u5fc3\u5065\u5eb7\u800c\u8a31\u53ef\u8005\uff0c\u4e0d\u5728\u6b64\u9650\u3002"", ""start_index"": 8601, ""end_index"": 8659}, {""content"": ""\u524d\u9805\u53d7\u50f1\u4e4b\u4eba\uff0c\u6e96\u7528\u7ae5\u5de5\u4fdd\u8b77\u4e4b\u898f\u5b9a\u3002"", ""start_index"": 8660, ""end_index"": 8677}]",data/law.txt
技術生加盟雇主需遵循哪些規定？,"[{""content"": ""\u96c7\u4e3b\u4e0d\u5f97\u62db\u6536\u672a\u6eff\u5341\u4e94\u6b72\u4e4b\u4eba\u70ba\u6280\u8853\u751f\u3002\u4f46\u570b\u6c11\u4e2d\u5b78\u7562\u696d\u8005\uff0c\u4e0d\u5728\u6b64\u9650\u3002"", ""start_index"": 12010, ""end_index"": 12042}, {""content"": ""\u96c7\u4e3b\u62db\u6536\u6280\u8853\u751f\u6642\uff0c\u9808\u8207\u6280\u8853\u751f\u7c3d\u8a02\u66f8\u9762\u8a13\u7df4\u5951\u7d04\u4e00\u5f0f\u4e09\u4efd\uff0c\u8a02\u660e\u8a13\u7df4\u9805\u76ee\u3001\u8a13\u7df4\u671f\u9650\u3001\u81b3\u5bbf\u8ca0\u64d4\u3001\u751f\u6d3b\u6d25\u8cbc\u3001\u76f8\u95dc\u6559\u5b78\u3001\u52de\u5de5\u4fdd\u96aa\u3001\u7d50\u696d\u8b49\u660e\u3001\u5951\u7d04\u751f\u6548\u8207\u89e3\u9664\u4e4b\u689d\u4ef6\u53ca\u5176\u4ed6\u6709\u95dc\u96d9\u65b9\u6b0a\u5229\u3001\u7fa9\u52d9\u4e8b\u9805\uff0c\u7531\u7576\u4e8b\u4eba\u5206\u57f7\uff0c\u4e26\u9001\u4e3b\u7ba1\u6a5f\u95dc\u5099\u6848\u3002"", ""start_index"": 12147, ""end_index"": 12252}, {""content"": ""\u96c7\u4e3b\u4e0d\u5f97\u5411\u6280\u8853\u751f\u6536\u53d6\u6709\u95dc\u8a13\u7df4\u8cbb\u7528\u3002"", ""start_index"": 12290, ""end_index"": 12307}, {""content"": ""\u6280\u8853\u751f\u8a13\u7df4\u671f\u6eff\uff0c\u96c7\u4e3b\u5f97\u7559\u7528\u4e4b\uff0c\u4e26\u61c9\u8207\u540c\u7b49\u5de5\u4f5c\u4e4b\u52de\u5de5\u4eab\u53d7\u540c\u7b49\u4e4b\u5f85\u9047\u3002"", ""start_index"": 12315, ""end_index"": 12348}, {""content"": ""\u6280\u8853\u751f\u4eba\u6578\uff0c\u4e0d\u5f97\u8d85\u904e\u52de\u5de5\u4eba\u6578\u56db\u5206\u4e4b\u4e00\u3002\u52de\u5de5\u4eba\u6578\u4e0d\u6eff\u56db\u4eba\u8005\uff0c\u4ee5\u56db\u4eba\u8a08\u3002"", ""start_index"": 12386, ""end_index"": 12420}]",data/law.txt
勞工因工作特性需要連續作業時，休息時間如何調整？,"[{""content"": ""\u7b2c 35 \u689d\n\u52de\u5de5\u7e7c\u7e8c\u5de5\u4f5c\u56db\u5c0f\u6642\uff0c\u81f3\u5c11\u61c9\u6709\u4e09\u5341\u5206\u9418\u4e4b\u4f11\u606f\u3002\u4f46\u5be6\u884c\u8f2a\u73ed\u5236\u6216\u5176\u5de5\u4f5c\u6709\u9023\u7e8c\u6027\u6216\u7dca\u6025\u6027\u8005\uff0c\u96c7\u4e3b\u5f97\u5728\u5de5\u4f5c\u6642\u9593\u5167\uff0c\u53e6\u884c\u8abf\u914d\u5176\u4f11\u606f\u6642\u9593\u3002"", ""start_index"": 7082, ""end_index"": 7151}]",data/law.txt
在什麼情況下派遣事業單位應支付勞工退休金或資遣費？,"[{""content"": ""\u6d3e\u9063\u4e8b\u696d\u55ae\u4f4d\u53ca\u8981\u6d3e\u55ae\u4f4d\u70ba\u524d\u9805\u884c\u70ba\u4e4b\u4e00\u8005\uff0c\u7121\u6548\u3002"", ""start_index"": 3709, ""end_index"": 3732}, {""content"": ""\u6d3e\u9063\u52de\u5de5\u56e0\u7b2c\u4e8c\u9805\u53ca\u7b2c\u4e09\u9805\u898f\u5b9a\u8207\u8981\u6d3e\u55ae\u4f4d\u6210\u7acb\u52de\u52d5\u5951\u7d04\u8005\uff0c\u5176\u8207\u6d3e\u9063\u4e8b\u696d\u55ae\u4f4d\u4e4b\u52de\u52d5\u5951\u7d04\u8996\u70ba\u7d42\u6b62\uff0c\u4e14\u4e0d\u8ca0\u9055\u53cd\u6700\u4f4e\u670d\u52d9\u5e74\u9650\u7d04\u5b9a\u6216\u8fd4\u9084\u8a13\u7df4\u8cbb\u7528\u4e4b\u8cac\u4efb\u3002"", ""start_index"": 3733, ""end_index"": 3802}, {""content"": ""\u524d\u9805\u6d3e\u9063\u4e8b\u696d\u55ae\u4f4d\u61c9\u4f9d\u672c\u6cd5\u6216\u52de\u5de5\u9000\u4f11\u91d1\u689d\u4f8b\u898f\u5b9a\u4e4b\u7d66\u4ed8\u6a19\u6e96\u53ca\u671f\u9650\uff0c\u767c\u7d66\u6d3e\u9063\u52de\u5de5\u9000\u4f11\u91d1\u6216\u8cc7\u9063\u8cbb\u3002"", ""start_index"": 3803, ""end_index"": 3848}]",data/law.txt
何時勞工可以要求要派單位支付欠薪？,"[{""content"": ""\u7b2c 22-1 \u689d\n\u6d3e\u9063\u4e8b\u696d\u55ae\u4f4d\u7a4d\u6b20\u6d3e\u9063\u52de\u5de5\u5de5\u8cc7\uff0c\u7d93\u4e3b\u7ba1\u6a5f\u95dc\u8655\u7f70\u6216\u4f9d\u7b2c\u4e8c\u5341\u4e03\u689d\u898f\u5b9a\u9650\u671f\u4ee4\u5176\u7d66\u4ed8\u800c\u5c46\u671f\u672a\u7d66\u4ed8\u8005\uff0c\u6d3e\u9063\u52de\u5de5\u5f97\u8acb\u6c42\u8981\u6d3e\u55ae\u4f4d\u7d66\u4ed8\u3002\u8981\u6d3e\u55ae\u4f4d\u61c9\u81ea\u6d3e\u9063\u52de\u5de5\u8acb\u6c42\u4e4b\u65e5\u8d77\u4e09\u5341\u65e5\u5167\u7d66\u4ed8\u4e4b\u3002"", ""start_index"": 4303, ""end_index"": 4394}]",data/law.txt
長期服務的勞工能在什麼年齡自願退休？,"[{""content"": ""\u7b2c 53 \u689d\n\u52de\u5de5\u6709\u4e0b\u5217\u60c5\u5f62\u4e4b\u4e00\uff0c\u5f97\u81ea\u8acb\u9000\u4f11\uff1a\n\u4e00\u3001\u5de5\u4f5c\u5341\u4e94\u5e74\u4ee5\u4e0a\u5e74\u6eff\u4e94\u5341\u4e94\u6b72\u8005\u3002\n\u4e8c\u3001\u5de5\u4f5c\u4e8c\u5341\u4e94\u5e74\u4ee5\u4e0a\u8005\u3002\n\u4e09\u3001\u5de5\u4f5c\u5341\u5e74\u4ee5\u4e0a\u5e74\u6eff\u516d\u5341\u6b72\u8005\u3002"", ""start_index"": 9464, ""end_index"": 9534}]",data/law.txt
雇主在節假日工作時的工資給付標準是什麼？,"[{""content"": ""\u7b2c\u4e09\u5341\u516d\u689d\u6240\u5b9a\u4e4b\u4f8b\u5047\u3001\u4f11\u606f\u65e5\u3001\u7b2c\u4e09\u5341\u4e03\u689d\u6240\u5b9a\u4e4b\u4f11\u5047\u53ca\u7b2c\u4e09\u5341\u516b\u689d\u6240\u5b9a\u4e4b\u7279\u5225\u4f11\u5047\uff0c\u5de5\u8cc7\u61c9\u7531\u96c7\u4e3b\u7167\u7d66\u3002\u96c7\u4e3b\u7d93\u5fb5\u5f97\u52de\u5de5\u540c\u610f\u65bc\u4f11\u5047\u65e5\u5de5\u4f5c\u8005\uff0c\u5de5\u8cc7\u61c9\u52a0\u500d\u767c\u7d66\u3002"", ""start_index"": 8129, ""end_index"": 8202}, {""content"": ""\u56e0\u5929\u707d\u3001\u4e8b\u8b8a\u6216\u7a81\u767c\u4e8b\u4ef6\uff0c\u96c7\u4e3b\u8a8d\u6709\u7e7c\u7e8c\u5de5\u4f5c\u4e4b\u5fc5\u8981\u6642\uff0c\u5f97\u505c\u6b62\u7b2c\u4e09\u5341\u516d\u689d\u81f3\u7b2c\u4e09\u5341\u516b\u689d\u6240\u5b9a\u52de\u5de5\u4e4b\u5047\u671f\u3002\u4f46\u505c\u6b62\u5047\u671f\u4e4b\u5de5\u8cc7\uff0c\u61c9\u52a0\u500d\u767c\u7d66\uff0c\u4e26\u61c9\u65bc\u4e8b\u5f8c\u88dc\u5047\u4f11\u606f\u3002"", ""start_index"": 8239, ""end_index"": 8311}]",data/law.txt
事業單位發生職業災害時雇主有何補償責任？,"[{""content"": ""\u52de\u5de5\u56e0\u906d\u9047\u8077\u696d\u707d\u5bb3\u800c\u81f4\u6b7b\u4ea1\u3001\u5931\u80fd\u3001\u50b7\u5bb3\u6216\u75be\u75c5\u6642\uff0c\u96c7\u4e3b\u61c9\u4f9d\u4e0b\u5217\u898f\u5b9a\u4e88\u4ee5\u88dc\u511f\u3002"", ""start_index"": 10852, ""end_index"": 10889}, {""content"": ""\u52de\u5de5\u53d7\u50b7\u6216\u7f79\u60a3\u8077\u696d\u75c5\u6642\uff0c\u96c7\u4e3b\u61c9\u88dc\u511f\u5176\u5fc5\u9700\u4e4b\u91ab\u7642\u8cbb\u7528\u3002"", ""start_index"": 10935, ""end_index"": 10961}, {""content"": ""\u52de\u5de5\u5728\u91ab\u7642\u4e2d\u4e0d\u80fd\u5de5\u4f5c\u6642\uff0c\u96c7\u4e3b\u61c9\u6309\u5176\u539f\u9818\u5de5\u8cc7\u6578\u984d\u4e88\u4ee5\u88dc\u511f\u3002"", ""start_index"": 10990, ""end_index"": 11018}, {""content"": ""\u52de\u5de5\u7d93\u6cbb\u7642\u7d42\u6b62\u5f8c\uff0c\u7d93\u6307\u5b9a\u4e4b\u91ab\u9662\u8a3a\u65b7\uff0c\u5be9\u5b9a\u5176\u907a\u5b58\u969c\u5bb3\u8005\uff0c\u96c7\u4e3b\u61c9\u6309\u5176\u5e73\u5747\u5de5\u8cc7\u53ca\u5176\u5931\u80fd\u7a0b\u5ea6\uff0c\u4e00\u6b21\u7d66\u4e88\u5931\u80fd\u88dc\u511f\u3002"", ""start_index"": 11101, ""end_index"": 11153}, {""content"": ""\u52de\u5de5\u906d\u9047\u8077\u696d\u50b7\u5bb3\u6216\u7f79\u60a3\u8077\u696d\u75c5\u800c\u6b7b\u4ea1\u6642\uff0c\u96c7\u4e3b\u9664\u7d66\u8207\u4e94\u500b\u6708\u5e73\u5747\u5de5\u8cc7\u4e4b\u55aa\u846c\u8cbb\u5916\uff0c\u4e26\u61c9\u4e00\u6b21\u7d66\u8207\u5176\u907a\u5c6c\u56db\u5341\u500b\u6708\u5e73\u5747\u5de5\u8cc7\u4e4b\u6b7b\u4ea1\u88dc\u511f\u3002"", ""start_index"": 11176, ""end_index"": 11236}]",data/law.txt
女工哺乳休息時間的規定是什麼？,"[{""content"": ""\u5b50\u5973\u672a\u6eff\u4e00\u6b72\u9808\u5973\u5de5\u89aa\u81ea\u54fa\u4e73\u8005\uff0c\u65bc\u7b2c\u4e09\u5341\u4e94\u689d\u898f\u5b9a\u4e4b\u4f11\u606f\u6642\u9593\u5916\uff0c\u96c7\u4e3b\u61c9\u6bcf\u65e5\u53e6\u7d66\u54fa\u4e73\u6642\u9593\u4e8c\u6b21\uff0c\u6bcf\u6b21\u4ee5\u4e09\u5341\u5206\u9418\u70ba\u5ea6\u3002"", ""start_index"": 9385, ""end_index"": 9439}, {""content"": ""\u524d\u9805\u54fa\u4e73\u6642\u9593\uff0c\u8996\u70ba\u5de5\u4f5c\u6642\u9593\u3002"", ""start_index"": 9440, ""end_index"": 9454}]",data/law.txt
雇主不得預扣勞工工資作為什麼用途？,"[{""content"": ""\u7b2c 26 \u689d\n\u96c7\u4e3b\u4e0d\u5f97\u9810\u6263\u52de\u5de5\u5de5\u8cc7\u4f5c\u70ba\u9055\u7d04\u91d1\u6216\u8ce0\u511f\u8cbb\u7528\u3002"", ""start_index"": 4833, ""end_index"": 4861}]",data/law.txt
勞工每週正常工作時間的限制是什麼？,"[{""content"": ""\u52de\u5de5\u6b63\u5e38\u5de5\u4f5c\u6642\u9593\uff0c\u6bcf\u65e5\u4e0d\u5f97\u8d85\u904e\u516b\u5c0f\u6642\uff0c\u6bcf\u9031\u4e0d\u5f97\u8d85\u904e\u56db\u5341\u5c0f\u6642\u3002"", ""start_index"": 5486, ""end_index"": 5516}]",data/law.txt
雇主應如何提撥勞工退休準備金？,"[{""content"": ""\u7b2c\u4e00\u9805\u96c7\u4e3b\u6309\u6708\u63d0\u64a5\u4e4b\u52de\u5de5\u9000\u4f11\u6e96\u5099\u91d1\u532f\u96c6\u70ba\u52de\u5de5\u9000\u4f11\u57fa\u91d1\uff0c\u7531\u4e2d\u592e\u4e3b\u7ba1\u6a5f\u95dc\u8a2d\u52de\u5de5\u9000\u4f11\u57fa\u91d1\u76e3\u7406\u59d4\u54e1\u6703\u7ba1\u7406\u4e4b\uff1b\u5176\u7d44\u7e54\u3001\u6703\u8b70\u53ca\u5176\u4ed6\u76f8\u95dc\u4e8b\u9805\uff0c\u7531\u4e2d\u592e\u4e3b\u7ba1\u6a5f\u95dc\u5b9a\u4e4b\u3002"", ""start_index"": 10161, ""end_index"": 10235}, {""content"": ""\u524d\u9805\u57fa\u91d1\u4e4b\u6536\u652f\u3001\u4fdd\u7ba1\u53ca\u904b\u7528\uff0c\u7531\u4e2d\u592e\u4e3b\u7ba1\u6a5f\u95dc\u6703\u540c\u8ca1\u653f\u90e8\u59d4\u8a17\u91d1\u878d\u6a5f\u69cb\u8fa6\u7406\u3002"", ""start_index"": 10236, ""end_index"": 10271}, {""content"": ""\u96c7\u4e3b\u6240\u63d0\u64a5\u52de\u5de5\u9000\u4f11\u6e96\u5099\u91d1\uff0c\u61c9\u7531\u52de\u5de5\u8207\u96c7\u4e3b\u5171\u540c\u7d44\u7e54\u52de\u5de5\u9000\u4f11\u6e96\u5099\u91d1\u76e3\u7763\u59d4\u54e1\u6703\u76e3\u7763\u4e4b\u3002"", ""start_index"": 10341, ""end_index"": 10381}]",data/law.txt
事業單位改組或轉讓時，勞工的處理方式是什麼？,"[{""content"": ""\u4e8b\u696d\u55ae\u4f4d\u6539\u7d44\u6216\u8f49\u8b93\u6642\uff0c\u9664\u65b0\u820a\u96c7\u4e3b\u5546\u5b9a\u7559\u7528\u4e4b\u52de\u5de5\u5916\uff0c\u5176\u9918\u52de\u5de5\u61c9\u4f9d\u7b2c\u5341\u516d\u689d\u898f\u5b9a\u671f\u9593\u9810\u544a\u7d42\u6b62\u5951\u7d04\uff0c\u4e26\u61c9\u4f9d\u7b2c\u5341\u4e03\u689d\u898f\u5b9a\u767c\u7d66\u52de\u5de5\u8cc7\u9063\u8cbb\u3002"", ""start_index"": 3974, ""end_index"": 4037}, {""content"": ""\u5176\u7559\u7528\u52de\u5de5\u4e4b\u5de5\u4f5c\u5e74\u8cc7\uff0c\u61c9\u7531\u65b0\u96c7\u4e3b\u7e7c\u7e8c\u4e88\u4ee5\u627f\u8a8d\u3002"", ""start_index"": 4037, ""end_index"": 4060}]",data/law.txt
違反競業禁止約定者，其約定狀況為何？,"[{""content"": ""\u672a\u7b26\u5408\u4e0b\u5217\u898f\u5b9a\u8005\uff0c\u96c7\u4e3b\u4e0d\u5f97\u8207\u52de\u5de5\u70ba\u96e2\u8077\u5f8c\u7af6\u696d\u7981\u6b62\u4e4b\u7d04\u5b9a\uff1a"", ""start_index"": 1344, ""end_index"": 1372}, {""content"": ""\u9055\u53cd\u7b2c\u4e00\u9805\u5404\u6b3e\u898f\u5b9a\u4e4b\u4e00\u8005\uff0c\u5176\u7d04\u5b9a\u7121\u6548\u3002"", ""start_index"": 1509, ""end_index"": 1528}, {""content"": ""\u96e2\u8077\u5f8c\u7af6\u696d\u7981\u6b62\u4e4b\u671f\u9593\uff0c\u6700\u9577\u4e0d\u5f97\u903e\u4e8c\u5e74\u3002\u903e\u4e8c\u5e74\u8005\uff0c\u7e2e\u77ed\u70ba\u4e8c\u5e74\u3002"", ""start_index"": 1529, ""end_index"": 1559}]",data/law.txt
雇主是否允許勞工在正常工作時間內彈性調整起訖時間？,"[{""content"": ""\u7b2c\u4e00\u9805\u81f3\u7b2c\u4e09\u9805\u53ca\u7b2c\u4e09\u5341\u689d\u4e4b\u4e00\u4e4b\u6b63\u5e38\u5de5\u4f5c\u6642\u9593\uff0c\u96c7\u4e3b\u5f97\u8996\u52de\u5de5\u7167\u9867\u5bb6\u5ead\u6210\u54e1\u9700\u8981\uff0c\u5141\u8a31\u52de\u5de5\u65bc\u4e0d\u8b8a\u66f4\u6bcf\u65e5\u6b63\u5e38\u5de5\u4f5c\u6642\u6578\u4e0b\uff0c\u5728\u4e00\u5c0f\u6642\u7bc4\u570d\u5167\uff0c\u5f48\u6027\u8abf\u6574\u5de5\u4f5c\u958b\u59cb\u53ca\u7d42\u6b62\u4e4b\u6642\u9593\u3002"", ""start_index"": 5834, ""end_index"": 5912}]",data/law.txt
在天災或突發事件後，雇主須於何時通報工會或主管機關並補給勞工休息？,"[{""content"": ""\u56e0\u5929\u707d\u3001\u4e8b\u8b8a\u6216\u7a81\u767c\u4e8b\u4ef6\uff0c\u96c7\u4e3b\u6709\u4f7f\u52de\u5de5\u5728\u6b63\u5e38\u5de5\u4f5c\u6642\u9593\u4ee5\u5916\u5de5\u4f5c\u4e4b\u5fc5\u8981\u8005\uff0c\u5f97\u5c07\u5de5\u4f5c\u6642\u9593\u5ef6\u9577\u4e4b\u3002\u4f46\u61c9\u65bc\u5ef6\u9577\u958b\u59cb\u5f8c\u4e8c\u5341\u56db\u5c0f\u6642\u5167\u901a\u77e5\u5de5\u6703\uff1b\u7121\u5de5\u6703\u7d44\u7e54\u8005\uff0c\u61c9\u5831\u7576\u5730\u4e3b\u7ba1\u6a5f\u95dc\u5099\u67e5\u3002\u5ef6\u9577\u4e4b\u5de5\u4f5c\u6642\u9593\uff0c\u96c7\u4e3b\u61c9\u65bc\u4e8b\u5f8c\u88dc\u7d66\u52de\u5de5\u4ee5\u9069\u7576\u4e4b\u4f11\u606f\u3002"", ""start_index"": 6447, ""end_index"": 6553}, {""content"": ""\u56e0\u5929\u707d\u3001\u4e8b\u8b8a\u6216\u7a81\u767c\u4e8b\u4ef6\uff0c\u96c7\u4e3b\u8a8d\u6709\u7e7c\u7e8c\u5de5\u4f5c\u4e4b\u5fc5\u8981\u6642\uff0c\u5f97\u505c\u6b62\u7b2c\u4e09\u5341\u516d\u689d\u81f3\u7b2c\u4e09\u5341\u516b\u689d\u6240\u5b9a\u52de\u5de5\u4e4b\u5047\u671f\u3002\u4f46\u505c\u6b62\u5047\u671f\u4e4b\u5de5\u8cc7\uff0c\u61c9\u52a0\u500d\u767c\u7d66\uff0c\u4e26\u61c9\u65bc\u4e8b\u5f8c\u88dc\u5047\u4f11\u606f\u3002"", ""start_index"": 8239, ""end_index"": 8311}]",data/law.txt
離職後競業禁止的最長期間為多久？,"[{""content"": ""\u96e2\u8077\u5f8c\u7af6\u696d\u7981\u6b62\u4e4b\u671f\u9593\uff0c\u6700\u9577\u4e0d\u5f97\u903e\u4e8c\u5e74\u3002\u903e\u4e8c\u5e74\u8005\uff0c\u7e2e\u77ed\u70ba\u4e8c\u5e74\u3002"", ""start_index"": 1529, ""end_index"": 1559}]",data/law.txt
死亡補償的受領順位為何？,"[{""content"": ""\u56db\u5341\u500b\u6708\u5e73\u5747\u5de5\u8cc7\u4e4b\u6b7b\u4ea1\u88dc\u511f\u3002\u5176\u907a\u5c6c\u53d7\u9818\u6b7b\u4ea1\u88dc\u511f\u4e4b\u9806\u4f4d\u5982\u4e0b\uff1a\n\uff08\u4e00\uff09\u914d\u5076\u53ca\u5b50\u5973\u3002\n\uff08\u4e8c\uff09\u7236\u6bcd\u3002\n\uff08\u4e09\uff09\u7956\u7236\u6bcd\u3002\n\uff08\u56db\uff09\u5b6b\u5b50\u5973\u3002\n\uff08\u4e94\uff09\u5144\u5f1f\u59d0\u59b9\u3002"", ""start_index"": 11222, ""end_index"": 11293}]",data/law.txt
坑道或隧道工作勞工的工作時間如何計算？,"[{""content"": ""\u5728\u5751\u9053\u6216\u96a7\u9053\u5167\u5de5\u4f5c\u4e4b\u52de\u5de5\uff0c\u4ee5\u5165\u5751\u53e3\u6642\u8d77\u81f3\u51fa\u5751\u53e3\u6642\u6b62\u70ba\u5de5\u4f5c\u6642\u9593\u3002"", ""start_index"": 6184, ""end_index"": 6215}]",data/law.txt
網路上的人性被分類成幾種人？,"[{""content"": ""\u8a71\u96d6\u5982\u6b64\uff0c\u4f46\u7db2\u8def\u7531\u65bc\u6709\u5f88\u5b89\u5168\u7684\u9632\u8b77\u63aa\u65bd\uff0c\u6240\u4ee5\u901a\u5e38\u6703\u7522\u751f3\u7a2e\u4eba\u3002"", ""start_index"": 9545, ""end_index"": 9576}, {""content"": ""\u7b2c\u4e00\u7a2e\u4eba\u6703\u5728\u7db2\u8def\u4e0a\u7a81\u986f\u5176\u6b21\u8981\u6027\u683c\u3002"", ""start_index"": 9576, ""end_index"": 9593}, {""content"": ""\u7b2c\u4e8c\u7a2e\u4eba\u6703\u5728\u7db2\u8def\u4e0a\u8b8a\u6210\u4ed6\u300c\u5e0c\u671b\u300d\u6210\u70ba\u7684\u90a3\u7a2e\u4eba\u3002"", ""start_index"": 9757, ""end_index"": 9780}, {""content"": ""\u7b2c3\u7a2e\u4eba\u6703\u5728\u7db2\u8def\u4e0a\u8b8a\u6210\u4ed6\u300c\u4e0d\u53ef\u80fd\u300d\u6210\u70ba\u7684\u90a3\u7a2e\u4eba\u3002"", ""start_index"": 9959, ""end_index"": 9983}]",data/novel.txt
阿泰如何看待男人的浪漫與處女情結？,"[{""content"": ""\u300a\u7537\u4eba\u4e0d\u58de\u5973\u4eba\u4e0d\u611b\u7e3d\u8a72\u807d\u904e\u5427\uff1f\u300b\u9019\u53e5\u8a71\u4e00\u76f4\u6709\u722d\u8b70\u6027\uff0c\u600e\u6703\u6c92\u807d\u904e!?\u300a\u5176\u5be6\u5973\u4eba\u53c8\u4e0d\u8ce4\u5e72\u561b\u975e\u5f97\u53bb\u559c\u6b61\u58de\u7537\u4eba\uff1f\u90a3\u662f\u56e0\u70ba\u58de\u7537\u4eba\u901a\u5e38\u5f88\u6d6a\u6f2b\u800c\u597d\u7537\u4eba\u901a\u5e38\u4e0d\u89e3\u98a8\u60c5\u6240\u4ee5\u5979\u5be7\u53ef\u9078\u64c7\u58de\u800c\u6d6a\u6f2b\u7684\u7537\u4eba\u4e5f\u4e0d\u9858\u9078\u64c7\u597d\u800c\u4e0d\u6d6a\u6f2b\u7684\u7537\u4eba\u9019\u53eb\u5169\u5bb3\u76f8\u6b0a\u53d6\u5176\u8f15\u4e5f\u7684\u9053\u7406\u61c2\u55ce\uff1f"", ""start_index"": 7402, ""end_index"": 7519}, {""content"": ""\u300a\u63db\u8a00\u4e4b\u5973\u4eba\u53ef\u4ee5\u4e0d\u4ecb\u610f\u4f60\u4e0d\u5920\u9ad8\u53ef\u4ee5\u4e0d\u5728\u4e4e\u4f60\u4e0d\u5920\u5e25\u53ef\u4ee5\u5fcd\u53d7\u4f60\u4e0d\u5920\u6eab\u67d4\u9ad4\u8cbc\u53ef\u4ee5\u63a5\u7d0d\u4f60\u4e0d\u5920\u7d30\u5fc3\u5475\u8b77\u53ef\u4ee5\u5bec\u6055\u4f60\u4e0d\u5920\u8070\u660e\u6709\u8da3\u4f46\u7d55\u4e0d\u80fd\u539f\u8ad2\u4f60\u4e0d\u5920\u6d6a\u6f2b\u300b"", ""start_index"": 7589, ""end_index"": 7658}, {""content"": ""\u300a\u60c5\u7d50\u4e5f\u8005\u91cd\u9ede\u5728\u7d50\u9019\u500b\u5b57\u4f60\u80fd\u89e3\u5f97\u958b\uff0c\u5c31\u4e0d\u53eb\u7d50\u4e86\u7537\u4eba\u7576\u7136\u4e5f\u77e5\u9053\u8655\u5973\u60c5\u7d50\u4e0d\u50c5\u7121\u77e5\u53ef\u7b11\u81ea\u79c1\u8207\u4e0d\u516c\u5e73\uff0c\u4f46\u80fd\u4e0d\u80fd\u89e3\u958b\u9019\u500b\u7d50\u662f\u4e00\u56de\u4e8b\u80af\u4e0d\u80af\u627f\u8a8d\u81ea\u5df1\u6709\u9019\u7a2e\u7d50\u7684\u5b58\u5728\uff0c\u53c8\u662f\u53e6\u4e00\u56de\u4e8b\u540c\u7406\u53ef\u8b49\u5973\u4eba\u4ea6\u5fa9\u5982\u6b64\u300b"", ""start_index"": 7778, ""end_index"": 7870}]",data/novel.txt
阿泰建議如何稱呼女孩子的名字？,"[{""content"": ""\u300a\u60c5\u8056\u5b88\u5247\u7b2c\u4e00\u689d\u5fc5\u9808\u4ee5\u76f8\u540c\u7684\u540d\u7a31\u547c\u4e0d\u540c\u7684\u5973\u4eba"", ""start_index"": 11762, ""end_index"": 11784}, {""content"": ""\u56e0\u70ba\u4f60\u5c0d\u4e00\u500b\u5973\u5b69\u5b50\u611f\u5230\u8208\u8da3\u7684\u539f\u56e0\u4e0d\u6703\u662f\u540d\u5b57"", ""start_index"": 11786, ""end_index"": 11807}, {""content"": ""\u800c\u4e14\u6108\u662f\u6f02\u4eae\u7684\u5973\u5b69\u5b50\u6108\u5bb9\u6613\u88ab\u4eba\u554f\u59d3\u540d\u554f\u4e45\u4e86\u5979\u5c31\u6703\u7169"", ""start_index"": 11809, ""end_index"": 11834}, {""content"": ""\u6240\u4ee5\u7576\u4f60\u4e00\u76f4\u4e0d\u554f\u5979\u540d\u5b57\u6642\u5979\u53cd\u800c\u6703\u4e3b\u52d5\u544a\u8a34\u4f60\u300b"", ""start_index"": 11836, ""end_index"": 11858}, {""content"": ""\u300a\u5148\u4f60\u5f97\u8b9a\u7f8e\u5979\u7684\u540d\u5b57\u5f62\u5bb9\u8a5e\u53ef\u6709\u56db\u7a2e\uff1a\u6c23\u8cea\u3001\u7279\u5225\u3001\u597d\u807d\u3001\u89aa\u5207\u3002\u5982\u679c\u5979\u7684\u540d\u5b57\u53ea\u53ef\u80fd\u5728\u5c0f\u8aaa\u4e2d\u51fa\u73fe\uff0c\u4f60\u8981\u8aaa\u5979\u7684\u540d\u5b57\u5f88\u6709\u6c23\u8cea\u5982\u679c\u5979\u7684\u540d\u5b57\u50cf\u7537\u751f\uff0c\u6216\u662f\u5f88\u5947\u602a\uff0c\u4f60\u8981\u8aaa\u5979\u7684\u540d\u5b57\u5f88\u7279\u5225\u5982\u679c\u5979\u7684\u540d\u5b57\u5be6\u5728\u662f\u666e\u666e\u901a\u901a\uff0c\u4e4f\u5584\u53ef\u9673\uff0c\u4f60\u8981\u8aaa\u5979\u7684\u540d\u5b57\u5f88\u597d\u807d\u5982\u679c\u5979\u7684\u540d\u5b57\u5f88\u901a\u4fd7\uff0c\u5230\u8655\u53ef\u898b\uff0c\u4f60\u8981\u8aaa\u5979\u7684\u540d\u5b57\u5f88\u89aa\u5207\u300b"", ""start_index"": 11922, ""end_index"": 12060}]",data/novel.txt
阿泰覺得哪種人對女孩子最危險？,"[{""content"": ""\u300a\u75de\u5b50\u5176\u5be6\u5c0d\u5973\u5b69\u5b50\u771f\u6b63\u5371\u96aa\u7684\uff0c\u4e0d\u662f\u50cf\u6211\u9019\u7a2e\u541d\u55c7\u7684\u6709\u9322\u4eba\u800c\u662f\u660e\u660e\u6c92\u9322\u537b\u5230\u8655\u4e82\u82b1\u9322\u4e26\u5047\u88dd\u5f88\u6709\u9322\u7684\u4eba\u300b"", ""start_index"": 13547, ""end_index"": 13595}]",data/novel.txt
痞子與女孩在見面時如何選擇用餐的地點與菜單？,"[{""content"": ""\u665a\u4e0a\u4e03\u9ede\u534a\uff0c\u9019\u7a2e\u6642\u9593\u4f86\u898b\u5f9e\u672a\u898b\u904e\u9762\u7684\u4eba\uff0c\u662f\u975e\u5e38\u5b8c\u7f8e\u7684\u3002\u901a\u5e38\u9019\u6642\u5927\u5bb6\u90fd\u5df2\u5403\u5b8c\u665a\u98ef\uff0c\u6240\u4ee5\u4e0d\u5fc5\u8cbb\u795e\u53bb\u601d\u8003\u5230\u90a3\u5152\u5403\u7684\u554f\u984c\u3002\u4e0d\u7136\u5149\u662f\u6c7a\u5b9a\u5403\u4ec0\u9ebc\uff0c\u5c31\u5f97\u8017\u53bb\u5927\u534a\u500b\u5c0f\u6642\u3002\u800c\u4e14\u91cd\u9ede\u662f\uff0c\u5403\u98ef\u5f97\u82b1\u8f03\u591a\u7684\u9322\u3002\u5c0d\u6211\u9019\u7a2e\u7aae\u5b78\u751f\u800c\u8a00\uff0c\u300c\u5175\u4e0d\u8840\u5203\u300d\u662f\u5f88\u91cd\u8981\u7684\u3002\u65e2\u7136\u7d04\u5728\u9ea5\u7576\u52de\uff0c\u90a3\u9ebc\u7b49\u6703\u4e7e\u8106\u76f4\u63a5\u9032\u53bb\u9ea5\u7576\u52de\u3002\u5169\u676f\u53ef\u6a02\uff0c\u4e00\u4efd\u85af\u689d\u5c31\u53ef\u4ee5\u6253\u3002"", ""start_index"": 15764, ""end_index"": 15914}, {""content"": ""\u88ab\u5979\u6d1e\u6089\u6211\u7684\u7528\u5fc3\uff0c\u6211\u53ea\u597d\u50bb\u7b11\u8457\u88dd\u51fa\u4e00\u4ed8\u7121\u8f9c\u7684\u6a23\u5b50\u3002\u770b\u5728\u5979\u9019\u9ebc\u7f8e\u9e97\u7684\u4efd\u4e0a\uff0c\u53ef\u6a02\u53ea\u597d\u9ede\u5927\u676f\u7684\uff0c\u85af\u689d\u4e5f\u53eb\u4e86\u5169\u4efd\u3002"", ""start_index"": 16514, ""end_index"": 16567}, {""content"": ""\u300e\u5403\u904e\u98ef\u4e86\u5427!?\u6211\u5011\u9032\u53bb\u9ea5\u7576\u52de\u88e1\u9762\u518d\u804a\u300f"", ""start_index"": 16470, ""end_index"": 16490}, {""content"": ""\u300c\u75de\u5b50\u9019\u6b21\u4f60\u8acb\u6211\u4e0b\u6b21\u6211\u8b93\u4f60\u8acb\u300d"", ""start_index"": 16569, ""end_index"": 16584}]",data/novel.txt
阿泰如何面對女朋友問他是否有其他女友的問題？,"[{""content"": ""\u300a\u7b2c\u4e00\u500b\u554f\u984c\u7684\u7b54\u6848\u5f88\u7c21\u55ae\u6211\u7576\u7136\u8001\u5be6\u8aaa\u6211\u9084\u6709\u5176\u4ed6\u7684\u5973\u670b\u53cb\u800c\u5979\u5011\u7684\u540d\u5b57\u90fd\u53eb\u300c\u8c9d\u8c9d\u300d\u56e0\u70ba\u6211\u4e00\u76f4\u7a31\u547c\u6211\u7684\u5973\u53cb\u5011\u70ba\u300c\u8c9d\u8c9d\u300d\u4f46\u554f\u6211\u554f\u984c\u7684\u5973\u5b69\u5b50\uff0c\u6703\u4ee5\u70ba\u6211\u90fd\u662f\u5728\u8aaa\u5979\u65bc\u662f\u901a\u5e38\u6703\u5e36\u9ede\u6b49\u610f\u5c0d\u6211\u8aaa\uff1a\u300c\u5c0d\u4e0d\u8d77\uff0c\u6211\u8aa4\u6703\u4f60\u4e86\u300d\u300b"", ""start_index"": 12859, ""end_index"": 12959}, {""content"": ""\u300a\u7576\u7136\u6709\u4e00\u4e9b\u6bd4\u8f03\u96e3\u7e8f\u7684\u5973\u5b69\u5b50\u4ecd\u7136\u6703\u4e0d\u592a\u76f8\u4fe1\u9019\u6642\u6211\u5c31\u6703\u8a93\u800c\u4e14\u6108\u6bd2\u6108\u597d\u56e0\u70ba\u6211\u662f\u8aaa\u5be6\u8a71\uff0c\u4e5f\u4e0d\u6015\u906d\u5831\u61c9\u300b"", ""start_index"": 12974, ""end_index"": 13022}]",data/novel.txt
阿泰如何區分征服過的女孩？,"[{""content"": ""\u963f\u6cf0\u62ff\u51fa\u4e00\u672c\u4ed6\u6240\u8b02\u7684\u300c\u7f79\u96e3\u8005\u624b\u518a\u300d\uff0c\u88e1\u9762\u8a18\u8f09\u8457\u88ab\u4ed6\u5f81\u670d\u904e\u7684\u5973\u5b69\u3002"", ""start_index"": 12220, ""end_index"": 12252}, {""content"": ""\u88e1\u9762\u7684\u5973\u5b69\u5b50\u90fd\u6c92\u6709\u59d3\u540d\u57fa\u672c\u4e0a\u6211\u662f\u7528\u8eab\u9ad8\u9ad4\u91cd3\u570d\u548c\u751f\u65e5\u4f86\u52a0\u4ee5\u7de8\u865f\uff0c\u4e26\u4f9d\u500b\u6027\u5206\u70ba\u4e94\u5927\u985e\uff1a\u300cB\u300d\u70ba\u6f51\u8fa3\uff0c\u300cnet\u300d\u70ba\u5929\u771f\uff0c\u300cT\u300d\u70ba\u6eab\u67d4\u5099\u8a3b\u6b04\u5beb\u4e0a\u521d\u543b\u751f\u7684\u6642\u9593\u3001\u5730\u9ede\u9084\u6709\u6211\u6328\u4e86\u5e7e\u500b\u5df4\u638c\u4ee5\u53ca\u7576\u6642\u7684\u5929\u5019\u72c0\u6cc1\u548c\u5979\u7684\u7a7f\u8457\u8207\u53e3\u7d05\u7684\u984f\u8272"", ""start_index"": 12259, ""end_index"": 12366}]",data/novel.txt
為何阿泰認為節慶期間表現更為重要？,"[{""content"": ""\u300a\u5c0d\u5973\u4eba\u800c\u8a00\u4e00\u5e74\u6709\u4e94\u5927\u7bc0\u6176\u5373\u897f\u6d0b\u60c5\u4eba\u7bc0\u3001\u4e2d\u570b\u60c5\u4eba\u7bc0\u3001\u5979\u7684\u751f\u65e5\u30013\u516b\u5a66\u5973\u7bc0\u3001\u8036\u8a95\u7bc0\u6211\u963f\u6cf0\u7e31\u6a6b\u60c5\u5834\u8fd1\u5341\u8f09\u5927\u5c0f\u6578\u767e\u6230\u6211\u6562\u7f75\u5973\u4eba3\u516b\u6211\u6562\u653e\u5973\u4eba\u9d3f\u5b50\u6211\u6562\u8aaa\u5973\u4eba\u81c9\u86cb\u4e0d\u5920\u597d\u770b\u6211\u6562\u5acc\u5973\u4eba\u8eab\u6750\u4e0d\u5920\u7e96\u7d30\u4f46\u6211\u7d55\u4e0d\u6562\u5728\u9019\u4e94\u5927\u7bc0\u6176\u88e1\u4e0d\u4e0a\u8ca2\u4e00\u4e9b\u79ae\u54c1\u8207\u82b1\u6735\u4ee5\u8868\u793a\u5fe0\u8c9e\u4e0d\u6e1d\u3001\u7d55\u71212\u5fc3\u300b"", ""start_index"": 8124, ""end_index"": 8250}, {""content"": ""\u963f\u6cf0\u9ede\u8d77\u4e86\u7159\uff0c\u8a9e\u91cd\u5fc3\u9577\u5730\u8aaa\u8457\u300a\u4e00\u5e74365\u5929\u4f60\u5728\u5176\u5b83360\u5929\u5c0d\u5979\u5f88\u597d\u53cd\u800c\u4e0d\u53ca\u5728\u90195\u5929\u88e1\u8b93\u5979\u89ba\u5f97\u6d6a\u6f2b\u901a\u5e38\u5973\u5b69\u5011\u6703\u56e0\u70ba\u4f60\u5728\u90195\u5929\u88e1\u8868\u73fe\u826f\u597d\u800c\u5fd8\u4e86\u4f60\u5728\u5176\u5b83360\u5929\u88e1\u5c0d\u5979\u4e26\u4e0d\u5920\u5728\u4e4e\u7684\u4e8b\u5be6\u76f8\u53cd\u5730\u5979\u5011\u6703\u56e0\u70ba\u4f60\u5728\u90195\u5929\u88e1\u4e26\u7121\u7279\u6b8a\u8868\u73fe\u800c\u62d2\u7d55\u76f8\u4fe1\u4f60\u5728\u5176\u5b83360\u5929\u88e1\u7d30\u5fc3\u5475\u8b77\u5979\u7684\u4e8b\u5be6\u300b"", ""start_index"": 8250, ""end_index"": 8381}]",data/novel.txt
痞子對浪漫的看法是什麼？,"[{""content"": ""\u6d6a\u6f2b\uff1f\u5c0f\u59d0\uff0c\u6d6a\u6f2b\u4e5f\u8a31\u53ea\u662f\u5b58\u5728\u65bc\u5c0f\u8aaa\u4e2d\u7684\u60c5\u7bc0\u800c\u5df2\u3002"", ""start_index"": 6683, ""end_index"": 6707}, {""content"": ""\u56e0\u70ba\u6d6a\u6f2b\u901a\u5e38\u5e36\u9ede\u4e0d\u771f\u5be6\uff0c\u800c\u7db2\u8def\u4e26\u4e0d\u771f\u5be6\u3002"", ""start_index"": 9471, ""end_index"": 9491}, {""content"": ""\u7db2\u8def\u4e0a\u7684\u9082\u9005\uff0c\u7684\u78ba\u662f\u5f88\u6d6a\u6f2b\u3002\u56e0\u70ba\u6d6a\u6f2b\u901a\u5e38\u5e36\u9ede\u4e0d\u771f\u5be6\uff0c\u800c\u7db2\u8def\u4e26\u4e0d\u771f\u5be6\u3002"", ""start_index"": 9457, ""end_index"": 9491}]",data/novel.txt
如何被形容為平凡但又希望特別的人？,"[{""content"": ""\u5176\u5be6\u4e5f\u5f88\u7c21\u55ae\u3002\u4e3b\u8981\u662f\u56e0\u70ba\u6211\u5e73\u51e1\u3002"", ""start_index"": 10864, ""end_index"": 10880}, {""content"": ""\u6211\u8eab\u6750\u4e0d\u9ad8\u4e5f\u4e0d\u77ee\uff0c\u9577\u76f8\u4e0d\u919c\u4e5f\u4e0d\u5e25\uff0c\u500b\u6027\u4e0d\u597d\u4e5f\u4e0d\u58de\u3002\u96d6\u7136\u5df2\u7fd2\u6163\u65bc\u5e73\u51e1\uff0c\u4f46\u6709\u6642\u537b\u4e0d\u7518\u65bc\u5e73\u51e1\u3002\u56e0\u6b64\u7db2\u8def\u4fbf\u6210\u70ba\u6211\u8b93\u81ea\u5df1\u4e0d\u5e73\u51e1\u7684\u6700\u4f73\u5de5\u5177\u3002"", ""start_index"": 10882, ""end_index"": 10946}, {""content"": ""\u5e73\u51e1\u52a0\u4e0a\u6709\u9ede\u7279\u5225\uff0c\u6240\u4ee5\u662f\u7279\u5225\u5e73\u51e1\u3002\u6240\u4ee5\u6211\u66f4\u5e0c\u671b\u6210\u70ba\u53e6\u4e00\u7a2e\u4eba\u3002"", ""start_index"": 10969, ""end_index"": 10999}]",data/novel.txt
痞子在與輕舞飛揚聊天時提到什麼身體狀況？,"[{""content"": ""\u300e\u4eca\u5929\u9084\u597d\uff0c\u524d\u5e7e\u5929\u6c23\u5019\u4e0d\u7a69\u5b9a\uff0c\u67d3\u4e0a\u9ede\u98a8\u5bd2\u300f"", ""start_index"": 13890, ""end_index"": 13911}, {""content"": ""\u300e\u65e9\u5c31\u597d\u4e86\u9664\u4e86\u9084\u6709\u9ede\u982d\u75db\u71d2\u54b3\u55fd\u6d41\u9f3b\u6c34\u5589\u56a8\u75db\u548c\u4e0a\u5410\u4e0b\u7009\u5916\u300f"", ""start_index"": 13932, ""end_index"": 13960}]",data/novel.txt
痞子在選擇內褲顏色的理由是什麼？,"[{""content"": ""\u6211\u771f\u7684\u6709\u4e00\u5957\u5f69\u8679\u7cfb\u5217\u7684\u5167\u8932\uff0c\u7d05\u6f84\u9ec3\u7da0\u85cd\u975b\u7d2b\uff0c\u4e03\u8272\u4ff1\u5168\u3002\u56e0\u70ba\u6211\u662f\u5178\u578b\u7684\u60b6\u9a37\u5929\u880d\u5ea7\uff0c\u5916\u8868\u7d20\uff0c\u5167\u5728\u537b\u9e97\u5f97\u5f88\u3002"", ""start_index"": 14923, ""end_index"": 14974}, {""content"": ""\u800c\u4e14\u5982\u679c\u4e0d\u5c0f\u5fc3\u5fd8\u4e86\u4eca\u5929\u662f\u661f\u671f\u5e7e\u6642\uff0c\u770b\u4e00\u4e0b\u5167\u8932\u5c31\u77e5\u9053\u4e86\u3002"", ""start_index"": 14974, ""end_index"": 15001}]",data/novel.txt
